,X.274,X.119A,X.119
2018-01-01,19.85,7.76,4.89
2018-01-02,20.7,7.62,4.96
2018-01-03,20.51,7.78,5.02
2018-01-04,21.51,7.86,5.02
2018-01-05,20.18,8.27,5.12
2018-01-06,19.77,7.99,5.12
2018-01-07,19.56,7.08,5.03
2018-01-08,19.48,6.36,4.59
2018-01-09,19.74,6.5,4.4
2018-01-10,19.35,6.56,4.45
2018-01-11,19.42,6.05,4.0
2018-01-12,19.41,6.31,3.96
2018-01-13,21.47,8.16,4.99
2018-01-14,19.82,8.98,5.43
2018-01-15,19.53,8.51,5.48
2018-01-16,19.41,7.46,5.3
2018-01-17,19.32,6.49,4.98
2018-01-18,19.25,5.96,4.47
2018-01-19,19.22,5.63,4.08
2018-01-20,19.23,5.72,3.94
2018-01-21,19.16,6.28,4.25
2018-01-22,19.17,6.14,4.38
2018-01-23,19.09,5.82,4.42
2018-01-24,19.51,6.26,4.69
2018-01-25,19.15,6.15,4.64
2018-01-26,19.09,5.73,4.39
2018-01-27,19.03,5.55,4.19
2018-01-28,19.06,5.42,4.05
2018-01-29,18.96,5.23,3.91
2018-01-30,18.91,4.97,3.21
2018-01-31,18.88,4.81,3.06
2018-02-01,18.85,4.66,2.85
2018-02-02,18.87,4.58,2.67
2018-02-03,18.87,4.62,2.43
2018-02-04,18.8,4.49,2.31
2018-02-05,18.79,4.39,2.19
2018-02-06,18.74,4.32,2.09
2018-02-07,18.73,4.23,1.99
2018-02-08,18.7,4.18,1.92
2018-02-09,18.7,4.12,1.87
2018-02-10,18.7,4.07,1.8
2018-02-11,18.69,4.01,1.76
2018-02-12,18.69,3.95,1.69
2018-02-13,18.69,3.9,1.75
2018-02-14,18.8,3.92,1.73
2018-02-15,18.72,4.14,1.94
2018-02-16,18.7,3.97,1.81
2018-02-17,18.69,3.9,1.74
2018-02-18,18.66,3.84,1.7
2018-02-19,18.65,3.8,1.62
2018-02-20,18.7,3.79,1.62
2018-02-21,18.65,3.82,1.63
2018-02-22,18.65,3.79,1.61
2018-02-23,18.63,3.79,1.64
2018-02-24,18.82,3.9,1.56
2018-02-25,18.83,5.39,2.63
2018-02-26,18.7,4.56,2.46
2018-02-27,18.62,4.17,1.86
2018-02-28,18.65,4.0,1.8
2018-03-01,18.63,3.89,1.7
2018-03-02,18.6,3.83,1.63
2018-03-03,18.6,3.79,1.57
2018-03-04,18.6,3.72,1.51
2018-03-05,18.6,3.68,1.45
2018-03-06,18.58,3.65,1.42
2018-03-07,18.57,3.61,1.28
2018-03-08,18.95,3.61,1.36
2018-03-09,18.63,3.96,1.91
2018-03-10,18.74,3.75,1.93
2018-03-11,18.62,3.87,2.05
2018-03-12,18.58,3.73,1.65
2018-03-13,18.58,3.64,1.34
2018-03-14,18.57,3.6,1.33
2018-03-15,18.57,3.56,1.24
2018-03-16,18.65,3.78,1.31
2018-03-17,18.7,4.14,1.73
2018-03-18,18.58,4.27,1.86
2018-03-19,18.55,3.91,1.56
2018-03-20,18.54,3.71,1.37
2018-03-21,18.52,3.69,1.32
2018-03-22,18.52,3.61,1.3
2018-03-23,18.51,3.58,1.17
2018-03-24,18.54,3.54,1.28
2018-03-25,18.52,3.56,1.27
2018-03-26,18.5,3.56,1.26
2018-03-27,18.5,3.51,1.25
2018-03-28,18.5,3.49,1.17
2018-03-29,18.5,3.42,1.19
2018-03-30,18.5,3.39,1.17
2018-03-31,18.5,3.38,1.16
2018-04-01,18.5,3.37,1.17
2018-04-02,18.5,3.3,1.03
2018-04-03,18.5,3.27,0.81
2018-04-04,18.5,3.27,0.92
2018-04-05,18.5,3.33,1.0
2018-04-06,18.5,3.28,1.04
2018-04-07,18.5,3.32,1.16
2018-04-08,18.5,3.25,1.18
2018-04-09,18.5,3.24,1.18
2018-04-10,18.5,3.28,1.19
2018-04-11,18.5,3.35,1.31
2018-04-12,18.5,3.36,1.35
2018-04-13,18.5,3.34,1.31
2018-04-14,18.5,3.29,1.26
2018-04-15,18.5,3.24,1.27
2018-04-16,18.49,3.39,1.35
2018-04-17,18.49,3.23,1.15
2018-04-18,18.49,3.2,1.12
2018-04-19,18.48,3.23,1.13
2018-04-20,18.48,3.23,1.15
2018-04-21,18.48,3.2,1.15
2018-04-22,18.47,3.19,1.15
2018-04-23,18.47,3.18,1.13
2018-04-24,18.47,3.15,1.07
2018-04-25,18.5,3.19,1.09
2018-04-26,18.75,4.04,1.71
2018-04-27,18.76,4.39,1.93
2018-04-28,18.52,4.51,2.06
2018-04-29,18.5,4.17,1.84
2018-04-30,18.78,4.14,1.71
2018-05-01,18.5,4.45,2.06
2018-05-02,19.44,4.1,1.83
2018-05-03,18.61,4.5,2.13
2018-05-04,18.52,4.06,1.79
2018-05-05,18.5,3.84,1.6
2018-05-06,18.5,3.72,1.48
2018-05-07,18.5,3.62,1.39
2018-05-08,18.59,3.68,1.39
2018-05-09,18.47,4.16,1.84
2018-05-10,18.47,3.88,1.71
2018-05-11,18.45,3.74,1.59
2018-05-12,18.45,3.69,1.48
2018-05-13,18.43,3.6,1.38
2018-05-14,18.43,3.56,1.28
2018-05-15,18.42,3.41,1.21
2018-05-16,18.61,3.48,1.29
2018-05-17,18.48,3.46,1.28
2018-05-18,18.47,3.56,1.57
2018-05-19,18.47,3.48,1.57
2018-05-20,18.45,3.46,1.55
2018-05-21,18.45,3.35,1.51
2018-05-22,18.44,3.27,1.45
2018-05-23,18.98,3.25,1.41
2018-05-24,18.82,3.5,1.57
2018-05-25,18.72,3.48,1.55
2018-05-26,18.53,3.46,1.54
2018-05-27,18.52,3.43,1.52
2018-05-28,18.49,3.32,1.44
2018-05-29,18.48,3.3,1.4
2018-05-30,18.48,3.48,1.4
2018-05-31,18.48,3.7,1.7
2018-06-01,18.54,3.73,1.75
2018-06-02,18.49,3.77,1.82
2018-06-03,18.47,3.61,1.71
2018-06-04,18.47,3.52,1.65
2018-06-05,18.46,3.43,1.62
2018-06-06,18.45,3.39,1.56
2018-06-07,18.45,3.34,1.24
2018-06-08,18.66,3.29,1.25
2018-06-09,18.67,3.85,1.61
2018-06-10,18.51,3.86,1.74
2018-06-11,18.65,3.69,1.66
2018-06-12,18.5,3.75,1.75
2018-06-13,18.46,3.7,1.64
2018-06-14,18.44,3.54,1.54
2018-06-15,18.43,3.41,1.47
2018-06-16,18.43,3.36,1.42
2018-06-17,18.43,3.4,1.37
2018-06-18,18.43,3.3,1.35
2018-06-19,18.41,3.24,1.15
2018-06-20,18.41,3.3,1.14
2018-06-21,18.6,3.45,1.25
2018-06-22,18.55,3.98,1.78
2018-06-23,18.5,3.75,1.71
2018-06-24,19.27,3.6,1.63
2018-06-25,18.63,4.56,2.33
2018-06-26,18.77,4.58,2.46
2018-06-27,18.59,4.79,2.66
2018-06-28,18.57,4.29,2.24
2018-06-29,18.63,4.3,2.21
2018-06-30,19.01,4.67,2.19
2018-07-01,18.63,4.43,2.28
2018-07-02,18.64,4.06,1.97
2018-07-03,18.56,3.98,2.01
2018-07-04,19.12,3.96,1.87
2018-07-05,18.75,4.43,2.29
2018-07-06,18.64,4.39,2.29
2018-07-07,18.57,4.31,2.33
2018-07-08,18.55,4.07,2.19
2018-07-09,18.55,3.94,2.08
2018-07-10,18.54,3.95,2.07
2018-07-11,18.5,3.87,2.02
2018-07-12,18.5,3.78,1.89
2018-07-13,18.49,3.64,1.77
2018-07-14,18.49,3.6,1.69
2018-07-15,18.48,3.55,1.59
2018-07-16,18.48,3.4,1.51
2018-07-17,18.48,3.36,1.39
2018-07-18,18.46,3.35,1.35
2018-07-19,18.46,3.31,1.29
2018-07-20,18.46,3.27,1.28
2018-07-21,18.45,3.27,1.28
2018-07-22,18.44,3.32,1.28
2018-07-23,18.44,3.18,1.23
2018-07-24,18.44,3.28,1.26
2018-07-25,18.44,3.35,1.41
2018-07-26,18.62,3.39,1.48
2018-07-27,18.54,3.38,1.56
2018-07-28,18.56,3.4,1.65
2018-07-29,18.99,4.07,2.05
2018-07-30,19.2,4.63,2.52
2018-07-31,18.6,4.83,2.83
2018-08-01,18.52,4.3,2.56
2018-08-02,18.5,3.96,2.25
2018-08-03,18.5,3.76,2.0
2018-08-04,18.5,3.65,1.81
2018-08-05,18.49,3.56,1.68
2018-08-06,18.48,3.42,1.52
2018-08-07,18.48,3.38,1.47
2018-08-08,18.47,3.33,1.41
2018-08-09,18.47,3.32,1.35
2018-08-10,18.47,3.27,1.3
2018-08-11,18.45,3.26,1.27
2018-08-12,18.45,3.22,1.23
2018-08-13,18.45,3.22,1.17
2018-08-14,18.43,3.18,1.1
2018-08-15,18.43,3.17,1.12
2018-08-16,18.43,3.15,1.08
2018-08-17,18.43,3.13,1.05
2018-08-18,18.42,3.12,1.0
2018-08-19,18.42,3.09,0.96
2018-08-20,18.5,3.1,1.0
2018-08-21,18.67,3.24,1.12
2018-08-22,18.55,3.8,1.71
2018-08-23,19.05,4.04,1.77
2018-08-24,18.5,4.58,2.4
2018-08-25,18.5,3.95,2.0
2018-08-26,18.49,3.72,1.77
2018-08-27,18.49,3.51,1.63
2018-08-28,18.48,3.42,1.52
2018-08-29,19.21,3.78,1.69
2018-08-30,18.54,4.71,2.57
2018-08-31,18.5,4.19,2.21
2018-09-01,18.56,4.46,2.14
2018-09-02,18.5,4.76,2.66
2018-09-03,18.67,4.34,2.33
2018-09-04,19.86,4.79,2.49
2018-09-05,18.89,6.01,3.41
2018-09-06,18.6,5.2,3.22
2018-09-07,18.86,5.06,3.0
2018-09-08,18.67,5.72,3.41
2018-09-09,18.59,5.27,3.36
2018-09-10,18.6,4.96,3.13
2018-09-11,18.74,4.7,2.97
2018-09-12,19.1,4.81,2.89
2018-09-13,18.95,5.11,3.05
2018-09-14,18.89,5.18,3.2
2018-09-15,18.66,5.16,3.33
2018-09-16,18.6,4.95,3.31
2018-09-17,18.57,4.71,3.22
2018-09-18,18.66,5.06,3.41
2018-09-19,18.73,6.46,4.25
2018-09-20,18.95,5.62,4.11
2018-09-21,18.66,5.23,3.74
2018-09-22,18.65,4.95,3.48
2018-09-23,18.86,4.84,3.3
2018-09-24,18.68,4.76,3.14
2018-09-25,18.58,4.52,2.88
2018-09-26,18.63,4.39,2.65
2018-09-27,19.13,4.43,2.53
2018-09-28,21.01,4.91,2.69
2018-09-29,20.11,6.79,3.7
2018-09-30,19.02,6.29,3.75
2018-10-01,18.87,5.34,3.34
2018-10-02,18.75,4.86,3.01
2018-10-03,18.73,4.54,2.71
2018-10-04,19.08,4.38,2.43
2018-10-05,18.83,4.9,2.68
2018-10-06,19.47,5.03,2.75
2018-10-07,18.84,5.87,3.25
2018-10-08,18.9,5.52,3.3
2018-10-09,18.73,5.19,3.16
2018-10-10,18.95,5.72,3.4
2018-10-11,18.73,5.59,3.64
2018-10-12,18.7,5.44,3.61
2018-10-13,18.74,5.68,3.73
2018-10-14,18.7,5.23,3.55
2018-10-15,18.65,4.87,3.32
2018-10-16,18.76,4.62,3.11
2018-10-17,18.77,4.87,3.09
2018-10-18,18.82,5.28,3.3
2018-10-19,18.86,5.19,3.29
2018-10-20,18.65,4.93,3.24
2018-10-21,18.64,4.93,3.07
2018-10-22,19.5,5.42,3.29
2018-10-23,18.82,5.43,3.49
2018-10-24,19.1,4.91,3.17
2018-10-25,18.8,5.08,3.21
2018-10-26,18.78,4.75,3.01
2018-10-27,18.76,4.55,2.8
2018-10-28,18.64,4.43,2.71
2018-10-29,18.62,4.26,2.48
2018-10-30,18.68,4.31,2.45
2018-10-31,18.68,4.86,2.79
2018-11-01,18.66,4.73,2.78
2018-11-02,18.66,4.63,2.78
2018-11-03,19.72,6.33,3.82
2018-11-04,19.05,7.38,4.72
2018-11-05,19.08,6.81,4.91
2018-11-06,19.84,7.4,5.15
2018-11-07,19.67,7.79,5.34
2018-11-08,19.68,7.39,5.32
2018-11-09,19.56,7.14,5.24
2018-11-10,19.13,7.23,5.2
2018-11-11,21.1,6.55,5.0
2018-11-12,19.36,6.66,4.93
2018-11-13,19.11,5.89,4.45
2018-11-14,19.02,5.51,3.98
2018-11-15,18.9,5.3,4.08
2018-11-16,18.99,5.11,3.65
2018-11-17,18.89,4.95,3.46
2018-11-18,18.98,4.89,3.33
2018-11-19,18.89,5.33,3.47
2018-11-20,18.8,5.86,3.73
2018-11-21,18.76,5.6,3.58
2018-11-22,18.7,5.09,3.33
2018-11-23,18.76,4.8,3.13
2018-11-24,18.7,4.63,2.98
2018-11-25,18.63,4.43,2.74
2018-11-26,18.67,4.67,2.58
2018-11-27,18.74,5.12,2.81
2018-11-28,18.68,4.59,2.52
2018-11-29,18.74,4.39,2.55
2018-11-30,18.95,4.68,2.7
2018-12-01,19.6,4.98,2.92
2018-12-02,19.08,5.49,3.29
2018-12-03,18.86,5.21,3.21
2018-12-04,19.69,5.75,3.53
2018-12-05,19.49,6.27,4.01
2018-12-06,20.11,7.09,4.47
2018-12-07,19.53,7.75,5.28
2018-12-08,19.2,7.31,5.33
2018-12-09,19.08,6.45,5.07
2018-12-10,19.12,6.26,4.85
2018-12-11,19.55,6.31,4.71
2018-12-12,19.46,6.71,4.81
2018-12-13,21.0,7.65,5.13
2018-12-14,19.91,8.33,5.43
2018-12-15,20.24,8.4,5.54
2018-12-16,20.44,8.49,5.59
2018-12-17,19.86,8.56,5.62
2018-12-18,20.19,8.4,5.61
2018-12-19,19.66,8.13,5.52
2018-12-20,19.52,7.47,5.32
2018-12-21,19.34,6.78,5.07
2018-12-22,19.2,6.22,4.61
2018-12-23,19.13,5.82,4.28
2018-12-24,19.08,5.52,3.94
2018-12-25,19.06,5.31,3.65
2018-12-26,19.02,5.11,3.4
2018-12-27,19.14,5.01,3.21
2018-12-28,21.6,5.25,3.48
2018-12-29,19.51,6.87,3.9
2018-12-30,19.17,5.87,3.71
2018-12-31,19.11,5.29,3.33
2019-01-01,19.13,5.32,3.21
2019-01-02,19.16,5.29,3.13
2019-01-03,19.14,5.14,3.35
2019-01-04,19.36,5.89,3.7
2019-01-05,19.08,5.73,3.84
2019-01-06,19.08,5.39,3.66
2019-01-07,19.27,5.64,3.69
2019-01-08,19.06,5.8,3.82
2019-01-09,19.08,5.73,3.51
2019-01-10,19.1,5.79,3.75
2019-01-11,19.07,5.59,3.38
2019-01-12,19.08,5.98,3.55
2019-01-13,19.37,5.8,3.48
2019-01-14,19.26,6.4,3.82
2019-01-15,19.08,5.93,3.81
2019-01-16,19.08,5.52,3.67
2019-01-17,19.59,5.69,3.67
2019-01-18,19.97,6.7,4.16
2019-01-19,19.31,6.72,4.42
2019-01-20,19.15,6.25,4.5
2019-01-21,19.1,5.8,4.3
2019-01-22,19.06,5.48,4.01
2019-01-23,18.95,5.21,3.7
2019-01-24,18.9,5.03,3.44
2019-01-25,18.87,4.87,3.23
2019-01-26,18.85,4.71,3.03
2019-01-27,18.85,4.57,2.86
2019-01-28,18.83,4.46,2.71
2019-01-29,18.83,4.39,2.58
2019-01-30,18.8,4.35,2.49
2019-01-31,18.8,4.32,2.43
2019-02-01,18.75,4.18,2.31
2019-02-02,18.7,4.11,2.21
2019-02-03,18.69,4.16,2.22
2019-02-04,18.68,4.47,2.46
2019-02-05,18.68,4.32,2.38
2019-02-06,18.66,4.13,2.21
2019-02-07,18.66,4.02,2.07
2019-02-08,18.65,3.93,1.98
2019-02-09,18.63,3.87,1.9
2019-02-10,18.62,3.82,1.88
2019-02-11,18.62,3.79,1.84
2019-02-12,18.6,3.74,1.86
2019-02-13,18.6,3.72,1.78
2019-02-14,18.9,3.91,1.87
2019-02-15,18.8,4.14,1.99
2019-02-16,18.76,3.92,1.81
2019-02-17,18.7,3.77,1.69
2019-02-18,18.65,3.74,1.61
2019-02-19,18.63,3.7,1.57
2019-02-20,18.62,3.65,1.55
2019-02-21,18.6,3.72,1.57
2019-02-22,18.6,3.65,1.47
2019-02-23,18.59,3.63,1.52
2019-02-24,18.59,3.57,1.51
2019-02-25,18.59,3.5,1.48
2019-02-26,18.58,3.49,1.45
2019-02-27,18.58,3.47,1.43
2019-02-28,18.58,3.45,1.4
2019-03-01,18.56,3.44,1.34
2019-03-02,18.56,3.41,1.3
2019-03-03,18.55,3.38,1.28
2019-03-04,18.53,3.36,1.23
2019-03-05,18.52,3.37,1.22
2019-03-06,18.51,3.36,1.21
2019-03-07,18.5,3.35,1.17
2019-03-08,18.48,3.34,1.15
2019-03-09,18.48,3.32,1.15
2019-03-10,18.45,3.3,1.15
2019-03-11,18.45,3.29,1.14
2019-03-12,18.44,3.24,1.17
2019-03-13,18.43,3.21,1.15
2019-03-14,18.47,3.17,1.12
2019-03-15,18.47,3.17,1.11
2019-03-16,18.46,3.16,1.09
2019-03-17,18.46,3.15,1.06
2019-03-18,18.45,3.13,1.04
2019-03-19,18.46,3.12,1.05
2019-03-20,18.45,3.12,1.04
2019-03-21,18.36,3.08,1.04
2019-03-22,18.37,3.07,1.04
2019-03-23,18.36,3.04,1.03
2019-03-24,18.36,3.03,1.04
2019-03-25,18.37,3.02,1.05
2019-03-26,18.35,3.02,1.03
2019-03-27,18.35,3.04,1.05
2019-03-28,18.36,3.08,1.05
2019-03-29,18.36,3.05,1.05
2019-03-30,18.35,3.1,1.05
2019-03-31,18.5,3.2,1.23
2019-04-01,18.48,3.68,1.57
2019-04-02,18.8,3.89,1.45
2019-04-03,18.75,4.16,1.99
2019-04-04,18.47,3.78,1.57
2019-04-05,18.4,3.59,1.55
2019-04-06,18.36,3.47,1.44
2019-04-07,18.36,3.37,1.34
2019-04-08,18.35,3.24,1.26
2019-04-09,18.34,3.21,1.21
2019-04-10,18.35,3.18,1.16
2019-04-11,18.33,3.13,1.12
2019-04-12,18.34,3.13,1.09
2019-04-13,18.33,3.32,1.21
2019-04-14,18.32,3.23,1.17
2019-04-15,18.3,3.15,1.13
2019-04-16,18.29,3.12,1.1
2019-04-17,18.29,3.11,1.07
2019-04-18,18.3,3.05,1.01
2019-04-19,18.33,3.05,0.99
2019-04-20,18.3,3.03,0.96
2019-04-21,18.3,3.02,0.7
2019-04-22,18.29,3.0,0.69
2019-04-23,18.31,2.97,0.77
2019-04-24,18.3,2.95,0.82
2019-04-25,18.29,2.92,0.86
2019-04-26,18.28,3.08,0.93
2019-04-27,18.29,2.94,0.96
2019-04-28,18.3,3.01,1.02
2019-04-29,18.33,3.13,1.05
2019-04-30,18.5,3.14,1.14
2019-05-01,18.35,3.22,1.21
2019-05-02,18.52,3.38,1.35
2019-05-03,18.34,3.25,1.13
2019-05-04,18.33,3.16,1.07
2019-05-05,18.33,3.18,1.02
2019-05-06,18.32,3.13,1.09
2019-05-07,18.33,3.26,1.07
2019-05-08,18.3,3.07,1.02
2019-05-09,18.28,3.01,0.98
2019-05-10,18.29,2.97,0.93
2019-05-11,18.27,2.93,0.89
2019-05-12,18.26,2.98,0.85
2019-05-13,18.25,2.94,0.82
2019-05-14,18.46,2.94,0.81
2019-05-15,18.42,3.19,0.85
2019-05-16,18.47,3.56,1.35
2019-05-17,18.42,3.81,1.63
2019-05-18,18.43,3.65,1.45
2019-05-19,18.42,3.7,1.53
2019-05-20,18.45,3.66,1.51
2019-05-21,18.44,3.92,1.82
2019-05-22,18.4,3.76,1.67
2019-05-23,18.63,3.67,1.74
2019-05-24,18.39,3.62,1.81
2019-05-25,20.01,3.74,1.87
2019-05-26,18.67,4.9,2.64
2019-05-27,18.6,4.55,2.44
2019-05-28,18.62,4.15,2.15
2019-05-29,19.57,4.04,2.05
2019-05-30,18.62,4.98,2.72
2019-05-31,18.53,4.3,2.24
2019-06-01,18.48,4.04,1.95
2019-06-02,18.49,3.9,1.82
2019-06-03,18.43,3.77,1.7
2019-06-04,18.4,3.67,1.57
2019-06-05,18.42,3.57,1.53
2019-06-06,19.05,3.72,1.65
2019-06-07,18.62,5.29,2.74
2019-06-08,18.55,4.92,2.77
2019-06-09,18.67,5.04,2.76
2019-06-10,19.26,6.14,3.52
2019-06-11,18.62,5.98,3.82
2019-06-12,18.9,5.36,3.56
2019-06-13,19.27,5.56,3.63
2019-06-14,18.6,5.96,3.87
2019-06-15,18.64,5.21,3.4
2019-06-16,18.58,4.96,3.18
2019-06-17,18.93,4.8,2.99
2019-06-18,19.08,5.06,3.14
2019-06-19,19.27,5.24,3.32
2019-06-20,18.76,5.16,3.36
2019-06-21,18.63,4.9,3.16
2019-06-22,18.6,4.66,3.01
2019-06-23,18.56,4.51,2.82
2019-06-24,18.56,4.61,2.83
2019-06-25,18.52,4.52,2.75
2019-06-26,18.56,4.54,2.74
2019-06-27,18.76,4.76,2.76
2019-06-28,18.5,4.96,2.96
2019-06-29,18.5,4.54,2.57
2019-06-30,18.9,4.4,2.38
2019-07-01,18.84,4.98,2.75
2019-07-02,18.6,4.72,2.61
2019-07-03,18.5,4.41,2.39
2019-07-04,18.5,4.22,2.2
2019-07-05,18.47,4.07,2.04
2019-07-06,18.45,3.96,1.57
2019-07-07,18.45,3.93,1.6
2019-07-08,18.87,3.94,1.53
2019-07-09,18.68,4.07,1.95
2019-07-10,18.62,4.05,1.97
2019-07-11,18.53,4.01,1.94
2019-07-12,18.86,4.29,1.89
2019-07-13,18.6,5.07,2.7
2019-07-14,19.2,4.91,2.57
2019-07-15,18.6,5.14,2.79
2019-07-16,18.62,4.64,2.48
2019-07-17,18.63,4.36,2.2
2019-07-18,18.54,4.24,2.09
2019-07-19,19.1,4.15,1.99
2019-07-20,18.68,4.45,2.19
2019-07-21,18.84,4.19,2.0
2019-07-22,18.62,4.32,2.09
2019-07-23,19.03,4.03,1.83
2019-07-24,18.76,4.1,1.88
2019-07-25,18.87,4.34,1.9
2019-07-26,18.66,4.79,2.4
2019-07-27,19.48,4.43,2.08
2019-07-28,19.09,4.94,2.5
2019-07-29,18.74,4.53,2.24
2019-07-30,18.66,4.2,1.91
2019-07-31,18.6,4.03,1.74
2019-08-01,18.6,3.9,1.63
2019-08-02,18.62,3.81,1.56
2019-08-03,18.58,3.7,1.49
2019-08-04,18.58,3.64,1.41
2019-08-05,18.58,3.6,1.34
2019-08-06,18.57,3.55,1.51
2019-08-07,18.56,3.5,1.16
2019-08-08,18.56,3.45,1.19
2019-08-09,18.55,3.42,1.15
2019-08-10,18.55,3.4,1.09
2019-08-11,18.55,3.41,1.08
2019-08-12,19.85,3.57,1.39
2019-08-13,18.82,4.41,2.21
2019-08-14,18.9,4.14,1.93
2019-08-15,19.09,4.76,2.4
2019-08-16,18.9,4.71,2.4
2019-08-17,18.85,4.47,2.38
2019-08-18,19.24,4.94,2.71
2019-08-19,18.82,5.26,2.89
2019-08-20,18.8,4.6,2.49
2019-08-21,19.09,4.3,2.18
2019-08-22,18.83,4.75,2.51
2019-08-23,19.88,4.33,2.27
2019-08-24,20.89,4.77,2.48
2019-08-25,19.57,6.41,3.68
2019-08-26,19.27,6.14,3.52
2019-08-27,18.98,5.56,3.65
2019-08-28,18.83,5.05,2.98
2019-08-29,18.8,4.72,2.78
2019-08-30,18.73,4.52,2.51
2019-08-31,18.73,4.33,2.29
2019-09-01,18.7,4.31,2.23
2019-09-02,18.6,4.32,2.25
2019-09-03,18.6,4.22,2.28
2019-09-04,18.72,4.21,2.23
2019-09-05,18.92,4.55,2.34
2019-09-06,18.7,4.62,2.5
2019-09-07,18.7,4.35,2.27
2019-09-08,19.34,4.29,2.1
2019-09-09,22.15,5.39,2.53
2019-09-10,19.79,6.78,3.51
2019-09-11,19.74,6.21,3.67
2019-09-12,19.16,5.91,3.61
2019-09-13,19.38,5.46,3.31
2019-09-14,19.07,5.45,3.28
2019-09-15,18.9,5.24,3.28
2019-09-16,18.9,5.06,3.07
2019-09-17,18.84,4.8,2.9
2019-09-18,19.02,4.64,2.72
2019-09-19,18.78,4.57,2.63
2019-09-20,18.77,4.43,2.42
2019-09-21,18.72,4.5,2.47
2019-09-22,19.08,4.55,2.36
2019-09-23,18.73,4.98,2.77
2019-09-24,18.78,4.61,2.5
2019-09-25,18.73,4.16,2.44
2019-09-26,18.72,4.65,2.46
2019-09-27,18.67,4.67,2.51
2019-09-28,18.66,4.5,2.4
2019-09-29,18.63,4.51,2.39
2019-09-30,18.63,4.41,2.32
2019-10-01,18.6,4.24,2.18
2019-10-02,18.6,4.31,2.16
2019-10-03,19.79,4.37,2.2
2019-10-04,19.1,4.98,2.8
2019-10-05,18.79,4.8,2.63
2019-10-06,19.32,4.73,2.55
2019-10-07,19.09,5.26,2.82
2019-10-08,18.96,5.04,2.92
2019-10-09,18.93,4.79,2.85
2019-10-10,18.7,4.73,2.92
2019-10-11,19.79,5.19,2.91
2019-10-12,19.42,5.19,3.07
2019-10-13,19.8,5.17,2.93
2019-10-14,19.12,5.43,3.21
2019-10-15,19.14,5.02,2.88
2019-10-16,18.96,4.96,2.77
2019-10-17,18.85,4.75,2.65
2019-10-18,18.83,4.93,2.68
2019-10-19,18.8,4.7,2.59
2019-10-20,18.8,4.59,2.5
2019-10-21,18.78,4.43,2.4
2019-10-22,18.73,4.32,2.16
2019-10-23,18.69,4.29,2.14
2019-10-24,19.09,4.47,2.1
2019-10-25,19.1,5.34,2.74
2019-10-26,19.1,5.63,3.14
2019-10-27,18.75,4.92,2.74
2019-10-28,18.73,4.59,2.42
2019-10-29,18.7,4.63,2.42
2019-10-30,18.7,4.44,2.54
2019-10-31,18.68,4.29,2.36
2019-11-01,18.67,4.54,2.56
2019-11-02,18.87,4.61,2.75
2019-11-03,18.86,4.87,2.82
2019-11-04,18.8,4.9,2.89
2019-11-05,19.43,5.16,2.93
2019-11-06,19.55,5.92,3.37
2019-11-07,19.79,6.3,3.75
2019-11-08,19.26,6.61,4.2
2019-11-09,19.77,6.55,4.28
2019-11-10,19.12,6.73,4.54
2019-11-11,19.09,6.55,4.52
2019-11-12,19.36,6.38,4.44
2019-11-13,19.27,6.32,4.6
2019-11-14,19.56,6.27,4.41
2019-11-15,19.1,6.46,4.59
2019-11-16,19.29,6.12,4.39
2019-11-17,19.12,5.89,4.26
2019-11-18,19.06,5.61,3.9
2019-11-19,19.08,5.33,3.58
2019-11-20,19.08,5.3,3.41
2019-11-21,18.96,5.16,3.17
2019-11-22,18.96,5.18,3.18
2019-11-23,19.1,5.72,3.45
2019-11-24,18.98,5.74,3.45
2019-11-25,18.92,5.5,3.4
2019-11-26,19.42,5.63,3.4
2019-11-27,19.09,5.54,3.45
2019-11-28,19.21,6.11,3.74
2019-11-29,22.0,7.02,4.3
2019-11-30,21.86,8.33,5.32
2019-12-01,21.62,9.74,6.23
2019-12-02,24.11,10.16,6.68
2019-12-03,22.69,10.14,6.79
2019-12-04,20.75,10.02,6.66
2019-12-05,20.15,9.76,6.36
2019-12-06,19.89,9.27,6.03
2019-12-07,19.77,8.57,5.7
2019-12-08,19.72,7.74,5.42
2019-12-09,19.99,7.38,5.25
2019-12-10,19.7,7.34,5.14
2019-12-11,19.59,7.03,5.01
2019-12-12,19.49,6.62,4.85
2019-12-13,19.37,6.23,4.51
2019-12-14,19.3,5.92,4.26
2019-12-15,19.57,5.86,4.09
2019-12-16,19.52,5.92,4.04
2019-12-17,20.34,6.19,4.04
2019-12-18,25.3,7.26,4.32
2019-12-19,22.72,9.99,5.52
2019-12-20,20.86,10.07,6.29
2019-12-21,20.34,9.82,6.24
2019-12-22,20.02,9.3,5.89
2019-12-23,19.82,8.51,5.56
2019-12-24,19.67,7.49,5.28
2019-12-25,19.57,6.62,4.88
2019-12-26,19.49,6.13,4.54
2019-12-27,19.45,5.79,4.15
2019-12-28,19.39,5.53,3.81
2019-12-29,19.33,5.32,3.54
2019-12-30,19.28,5.15,3.33
2019-12-31,19.24,5.0,3.17
2020-01-01,19.18,4.87,3.0
2020-01-02,19.2,4.75,2.83
2020-01-03,19.23,4.71,2.74
2020-01-04,19.18,4.78,2.64
2020-01-05,19.14,4.62,2.37
2020-01-06,19.14,4.51,2.39
2020-01-07,19.14,4.42,2.28
2020-01-08,19.14,4.34,2.11
2020-01-09,19.14,4.52,2.18
2020-01-10,19.14,4.34,2.07
2020-01-11,19.14,4.23,2.03
2020-01-12,19.14,4.16,1.82
2020-01-13,19.1,4.1,1.71
2020-01-14,19.1,4.06,1.68
2020-01-15,19.1,3.98,1.65
2020-01-16,19.06,3.96,1.62
2020-01-17,18.9,3.92,1.65
2020-01-18,18.96,3.9,1.64
2020-01-19,19.01,4.14,1.79
2020-01-20,19.43,4.78,2.1
2020-01-21,19.1,4.78,2.39
2020-01-22,18.98,4.56,2.24
2020-01-23,18.94,4.34,1.99
2020-01-24,18.89,4.21,1.98
2020-01-25,18.87,4.08,1.85
2020-01-26,18.82,3.98,1.78
2020-01-27,18.8,3.91,1.71
2020-01-28,18.8,3.87,1.63
2020-01-29,18.8,3.83,1.61
2020-01-30,18.79,3.82,1.57
2020-01-31,18.77,3.82,1.53
2020-02-01,18.77,3.82,1.5
2020-02-02,18.83,3.89,1.59
2020-02-03,18.82,3.9,1.65
2020-02-04,18.81,3.8,1.55
2020-02-05,18.75,3.66,1.44
2020-02-06,18.75,3.65,1.42
2020-02-07,18.75,3.62,1.39
2020-02-08,18.74,3.63,1.37
2020-02-09,18.74,3.57,1.36
2020-02-10,18.73,3.47,1.38
2020-02-11,22.34,4.47,1.71
2020-02-12,20.75,6.95,3.49
2020-02-13,19.58,7.29,3.93
2020-02-14,19.38,6.25,3.72
2020-02-15,19.16,5.53,3.36
2020-02-16,19.16,5.1,3.03
2020-02-17,19.16,4.78,2.74
2020-02-18,19.16,4.57,2.52
2020-02-19,19.15,4.89,2.68
2020-02-20,19.14,4.55,2.41
2020-02-21,18.87,4.34,2.17
2020-02-22,18.83,4.22,2.06
2020-02-23,18.83,4.17,1.98
2020-02-24,19.25,4.4,2.04
2020-02-25,19.02,4.39,2.12
2020-02-26,18.88,4.17,1.95
2020-02-27,18.85,4.03,1.79
2020-02-28,18.85,3.94,1.7
2020-02-29,18.83,3.87,1.61
2020-03-01,18.76,3.81,1.52
2020-03-02,18.76,3.79,1.42
2020-03-03,18.76,3.79,1.37
2020-03-04,18.74,3.7,1.33
2020-03-05,18.74,3.64,1.27
2020-03-06,18.71,3.61,1.23
2020-03-07,18.87,3.68,1.27
2020-03-08,18.82,3.82,1.55
2020-03-09,18.72,3.63,1.3
2020-03-10,18.72,3.51,1.23
2020-03-11,18.7,3.53,1.19
2020-03-12,18.7,3.52,1.17
2020-03-13,18.7,3.49,1.12
2020-03-14,18.65,3.4,0.97
2020-03-15,18.64,3.4,1.0
2020-03-16,18.64,3.41,1.0
2020-03-17,18.64,3.45,1.07
2020-03-18,18.63,3.41,1.02
2020-03-19,18.63,3.36,0.93
2020-03-20,18.62,3.33,0.95
2020-03-21,18.6,3.3,0.94
2020-03-22,18.57,3.31,0.9
2020-03-23,18.72,3.27,0.9
2020-03-24,18.69,3.8,1.37
2020-03-25,18.67,3.81,1.42
2020-03-26,18.66,3.7,1.23
2020-03-27,18.58,3.55,1.12
2020-03-28,18.56,3.53,1.12
2020-03-29,18.56,3.37,1.01
2020-03-30,18.55,3.3,0.95
2020-03-31,18.55,3.51,1.1
2020-04-01,18.54,3.33,1.14
2020-04-02,18.54,3.22,1.19
2020-04-03,18.54,3.43,1.24
2020-04-04,18.54,3.3,1.37
2020-04-05,18.53,3.22,1.35
2020-04-06,18.53,3.17,1.32
2020-04-07,18.53,3.13,1.27
2020-04-08,18.53,3.2,1.23
2020-04-09,18.52,3.22,1.21
2020-04-10,18.52,3.2,1.18
2020-04-11,18.52,3.13,1.11
2020-04-12,18.52,3.1,1.04
2020-04-13,18.51,3.08,1.01
2020-04-14,18.51,3.05,1.0
2020-04-15,18.5,3.08,1.0
2020-04-16,18.5,3.08,1.01
2020-04-17,18.5,3.06,0.98
2020-04-18,18.49,3.06,0.95
2020-04-19,18.49,3.04,0.93
2020-04-20,18.49,3.04,0.93
2020-04-21,18.47,3.05,0.92
2020-04-22,18.46,3.05,0.92
2020-04-23,18.46,3.06,0.92
2020-04-24,18.46,3.08,0.95
2020-04-25,18.45,3.18,0.98
2020-04-26,18.45,3.12,1.07
2020-04-27,18.44,3.17,1.13
2020-04-28,18.44,3.28,1.15
2020-04-29,18.65,3.25,1.15
2020-04-30,18.55,3.39,1.21
2020-05-01,18.55,3.35,1.23
2020-05-02,18.54,3.4,1.24
2020-05-03,18.56,3.26,1.25
2020-05-04,18.54,3.26,1.12
2020-05-05,19.42,3.21,1.05
2020-05-06,18.7,3.9,1.54
2020-05-07,18.63,3.68,1.26
2020-05-08,18.6,3.34,1.17
2020-05-09,18.59,3.4,1.27
2020-05-10,18.55,3.34,1.31
2020-05-11,18.52,3.28,1.23
2020-05-12,18.52,3.29,1.18
2020-05-13,18.73,3.21,1.11
2020-05-14,18.57,3.2,1.07
2020-05-15,18.54,3.33,0.86
2020-05-16,18.52,3.41,1.11
2020-05-17,18.52,3.55,1.27
2020-05-18,18.52,3.54,1.24
2020-05-19,18.5,3.52,1.24
2020-05-20,18.5,3.39,1.12
2020-05-21,19.09,3.35,1.24
2020-05-22,19.71,4.15,1.72
2020-05-23,18.66,4.3,1.86
2020-05-24,18.92,4.1,1.68
2020-05-25,18.8,4.11,1.69
2020-05-26,18.75,3.82,1.3
2020-05-27,18.7,4.21,1.6
2020-05-28,18.66,4.04,1.65
2020-05-29,18.63,3.81,1.41
2020-05-30,18.6,3.81,1.44
2020-05-31,18.6,3.7,1.33
2020-06-01,18.59,3.83,1.41
2020-06-02,18.74,4.11,1.51
2020-06-03,18.65,4.59,2.19
2020-06-04,19.1,4.79,2.16
2020-06-05,18.7,5.21,2.58
2020-06-06,18.89,5.05,2.59
2020-06-07,18.9,5.68,3.17
2020-06-08,18.98,5.38,3.05
2020-06-09,18.77,5.43,3.22
2020-06-10,18.84,5.26,3.15
2020-06-11,18.75,5.9,3.52
2020-06-12,18.7,5.21,3.36
2020-06-13,18.76,5.45,3.32
2020-06-14,18.6,5.26,3.35
2020-06-15,18.6,4.85,3.03
2020-06-16,18.6,5.27,3.1
2020-06-17,19.09,5.42,3.32
2020-06-18,18.7,5.25,3.41
2020-06-19,19.14,4.83,3.1
2020-06-20,19.15,5.09,3.12
2020-06-21,19.19,5.77,3.62
2020-06-22,18.95,5.88,4.04
2020-06-23,19.61,6.08,4.18
2020-06-24,19.1,6.0,4.3
2020-06-25,18.87,5.76,4.19
2020-06-26,19.1,5.72,4.16
2020-06-27,18.9,5.43,3.95
2020-06-28,18.86,5.22,3.74
2020-06-29,18.71,4.94,3.48
2020-06-30,18.7,4.76,2.93
2020-07-01,19.2,4.92,2.87
2020-07-02,18.85,5.17,3.03
2020-07-03,18.86,5.07,3.02
2020-07-04,19.09,5.27,3.18
2020-07-05,18.82,5.18,3.28
2020-07-06,18.67,4.79,3.0
2020-07-07,18.7,4.52,2.74
2020-07-08,18.68,4.45,2.59
2020-07-09,18.66,4.45,2.57
2020-07-10,18.65,4.43,2.62
2020-07-11,18.65,4.47,2.63
2020-07-12,19.35,5.03,2.9
2020-07-13,19.25,5.9,3.71
2020-07-14,18.92,5.83,3.92
2020-07-15,18.98,5.31,3.79
2020-07-16,18.87,5.09,3.69
2020-07-17,19.4,4.88,3.49
2020-07-18,19.18,5.07,3.45
2020-07-19,19.17,5.08,3.34
2020-07-20,18.85,4.85,3.12
2020-07-21,19.15,4.58,2.61
2020-07-22,18.8,4.54,2.35
2020-07-23,18.8,4.29,2.12
2020-07-24,18.85,4.3,2.01
2020-07-25,19.08,4.44,2.1
2020-07-26,19.15,4.42,2.1
2020-07-27,18.92,4.63,2.47
2020-07-28,18.82,4.87,2.66
2020-07-29,18.8,4.99,2.8
2020-07-30,18.8,5.04,2.89
2020-07-31,18.98,5.18,3.09
2020-08-01,18.82,5.12,3.11
2020-08-02,18.78,4.71,2.83
2020-08-03,18.67,4.45,2.57
2020-08-04,18.67,4.27,2.41
2020-08-05,18.63,4.14,2.2
2020-08-06,18.65,4.06,2.13
2020-08-07,18.64,4.01,2.06
2020-08-08,18.64,4.01,2.01
2020-08-09,18.63,4.07,2.08
2020-08-10,18.63,3.96,1.97
2020-08-11,18.63,3.92,1.9
2020-08-12,18.6,4.26,2.08
2020-08-13,18.6,4.6,2.36
2020-08-14,19.32,5.05,2.53
2020-08-15,18.82,5.76,3.26
2020-08-16,18.8,4.88,2.84
2020-08-17,18.8,4.93,2.69
2020-08-18,19.15,4.88,2.71
2020-08-19,19.25,5.81,3.18
2020-08-20,19.85,6.72,3.93
2020-08-21,18.94,7.41,4.46
2020-08-22,21.48,6.98,4.49
2020-08-23,19.44,7.66,4.82
2020-08-24,19.43,7.16,4.87
2020-08-25,19.1,6.64,4.71
2020-08-26,18.9,5.93,4.33
2020-08-27,18.87,5.44,3.9
2020-08-28,18.89,5.36,3.6
2020-08-29,18.9,5.29,3.43
2020-08-30,18.84,5.29,3.32
2020-08-31,18.8,5.26,3.27
2020-09-01,18.8,5.2,3.25
2020-09-02,18.85,4.82,2.98
2020-09-03,18.86,4.85,2.88
2020-09-04,18.87,5.07,2.97
2020-09-05,18.71,4.58,2.6
2020-09-06,18.7,4.42,2.41
2020-09-07,18.7,4.47,2.38
2020-09-08,21.25,4.9,2.54
2020-09-09,19.46,5.61,3.2
2020-09-10,19.07,5.2,2.95
2020-09-11,18.9,4.87,2.81
2020-09-12,19.85,6.28,3.38
2020-09-13,19.66,6.72,3.91
2020-09-14,19.16,6.11,3.9
2020-09-15,19.32,5.79,3.63
2020-09-16,19.24,6.13,3.77
2020-09-17,18.98,6.02,3.94
2020-09-18,18.89,5.66,3.82
2020-09-19,18.84,5.36,3.68
2020-09-20,19.3,5.85,3.9
2020-09-21,19.16,6.89,4.49
2020-09-22,18.9,6.15,4.45
2020-09-23,18.82,5.55,4.19
2020-09-24,19.23,5.27,3.94
2020-09-25,19.25,5.51,3.92
2020-09-26,19.65,5.93,4.02
2020-09-27,19.15,6.07,4.18
2020-09-28,18.79,5.48,3.91
2020-09-29,18.77,5.07,3.54
2020-09-30,18.73,4.82,3.28
2020-10-01,18.7,4.84,3.15
2020-10-02,20.15,5.05,3.06
2020-10-03,19.24,6.41,3.88
2020-10-04,18.95,5.7,3.87
2020-10-05,18.9,5.72,3.93
2020-10-06,19.13,6.49,4.42
2020-10-07,20.36,7.17,4.97
2020-10-08,19.9,7.73,5.32
2020-10-09,19.18,7.23,5.34
2020-10-10,19.02,6.29,4.91
2020-10-11,18.96,6.05,4.65
2020-10-12,18.89,5.88,4.5
2020-10-13,19.1,5.59,4.25
2020-10-14,18.92,5.48,4.11
2020-10-15,18.85,5.17,3.85
2020-10-16,18.82,5.22,3.78
2020-10-17,18.8,5.0,3.6
2020-10-18,18.92,5.18,3.53
2020-10-19,19.1,5.23,3.65
2020-10-20,18.85,5.09,3.58
2020-10-21,20.0,4.85,3.37
2020-10-22,18.9,5.29,3.52
2020-10-23,19.53,5.99,3.67
2020-10-24,20.06,6.64,4.17
2020-10-25,19.9,6.96,4.41
2020-10-26,19.92,6.44,4.35
2020-10-27,19.21,6.02,4.18
2020-10-28,18.98,5.6,3.95
2020-10-29,18.84,5.27,3.69
2020-10-30,19.21,5.1,3.49
2020-10-31,20.61,5.45,3.54
2020-11-01,19.08,5.89,3.92
2020-11-02,18.9,5.24,3.59
2020-11-03,19.91,4.92,3.32
2020-11-04,19.18,5.3,3.27
2020-11-05,18.92,4.78,2.89
2020-11-06,18.86,4.56,2.59
2020-11-07,18.8,4.62,2.5
2020-11-08,19.49,4.79,2.54
2020-11-09,19.17,5.14,2.81
2020-11-10,18.89,4.89,2.77
2020-11-11,18.85,4.61,2.6
2020-11-12,20.72,4.68,2.65
2020-11-13,19.91,6.73,3.74
2020-11-14,19.22,6.14,3.8
2020-11-15,19.1,5.32,3.31
2020-11-16,18.87,4.92,2.95
2020-11-17,18.8,4.83,2.76
2020-11-18,19.64,5.78,3.36
2020-11-19,19.15,6.49,4.07
2020-11-20,18.93,5.93,4.18
2020-11-21,19.18,5.59,4.03
2020-11-22,18.9,5.45,3.91
2020-11-23,19.56,5.17,3.62
2020-11-24,19.79,5.92,3.86
2020-11-25,20.18,7.35,4.62
2020-11-26,19.45,7.62,5.31
2020-11-27,19.93,7.36,5.47
2020-11-28,21.41,8.57,5.79
2020-11-29,20.71,9.1,5.89
2020-11-30,20.04,9.2,5.87
2020-12-01,19.68,8.86,5.76
2020-12-02,19.53,8.29,5.63
2020-12-03,19.6,7.97,5.57
2020-12-04,21.99,8.72,5.82
2020-12-05,20.0,9.32,6.08
2020-12-06,19.68,9.17,6.05
2020-12-07,19.42,8.6,5.81
2020-12-08,19.27,7.63,5.49
2020-12-09,19.25,6.75,5.24
2020-12-10,19.2,6.26,4.96
2020-12-11,19.16,5.91,4.66
2020-12-12,19.14,5.63,4.38
2020-12-13,19.12,5.49,3.83
2020-12-14,19.1,5.49,3.79
2020-12-15,19.09,5.2,3.38
2020-12-16,19.15,5.28,3.3
2020-12-17,20.13,6.43,3.98
2020-12-18,22.7,8.51,5.32
2020-12-19,23.65,10.01,6.33
2020-12-20,22.54,10.18,6.64
2020-12-21,22.25,10.08,6.71
2020-12-22,20.28,9.94,6.54
2020-12-23,19.92,9.57,6.2
2020-12-24,19.71,8.89,5.87
2020-12-25,20.76,8.15,5.61
2020-12-26,19.95,7.96,5.45
2020-12-27,20.15,7.52,5.32
2020-12-28,19.58,7.7,5.31
2020-12-29,19.44,7.14,5.21
2020-12-30,19.36,6.4,4.69
2020-12-31,19.29,5.96,4.34
2021-01-01,19.27,5.73,4.02
2021-01-02,19.52,6.01,3.94
2021-01-03,19.75,6.47,4.08
2021-01-04,20.46,6.62,4.17
2021-01-05,22.38,7.36,4.51
2021-01-06,24.1,9.04,5.55
2021-01-07,23.71,10.25,6.42
2021-01-08,22.27,10.22,6.86
2021-01-09,20.98,10.02,6.65
2021-01-10,20.64,9.74,6.32
2021-01-11,20.29,9.25,5.98
2021-01-12,20.09,8.63,5.75
2021-01-13,19.91,7.93,5.53
2021-01-14,19.79,7.21,5.31
2021-01-15,19.64,6.69,4.94
2021-01-16,19.53,6.29,4.67
2021-01-17,19.48,5.97,4.38
2021-01-18,19.39,5.73,4.1
2021-01-19,19.33,5.52,3.81
2021-01-20,19.25,5.31,3.53
2021-01-21,19.18,5.13,3.07
2021-01-22,19.13,4.97,2.87
2021-01-23,19.25,4.85,2.68
2021-01-24,19.08,4.87,2.62
2021-01-25,19.05,4.76,2.47
2021-01-26,19.05,4.65,2.33
2021-01-27,19.04,4.54,2.24
2021-01-28,19.03,4.49,2.16
2021-01-29,19.03,4.49,2.21
2021-01-30,19.02,4.39,2.14
2021-01-31,18.98,4.3,2.07
2021-02-01,18.97,4.4,2.09
2021-02-02,18.96,4.38,2.17
2021-02-03,18.95,4.27,1.92
2021-02-04,18.94,4.18,1.82
2021-02-05,18.9,4.12,1.74
2021-02-06,18.89,4.07,1.74
2021-02-07,18.84,4.01,1.66
2021-02-08,18.83,3.97,1.66
2021-02-09,18.83,3.92,1.64
2021-02-10,18.83,3.9,1.57
2021-02-11,18.82,3.86,1.54
2021-02-12,18.82,3.82,1.49
2021-02-13,18.82,3.78,1.46
2021-02-14,18.8,3.61,1.18
2021-02-15,18.8,3.6,1.07
2021-02-16,18.78,3.64,1.05
2021-02-17,18.78,3.66,1.01
2021-02-18,18.77,3.63,1.16
2021-02-19,18.6,3.62,1.29
2021-02-20,18.6,3.58,1.51
2021-02-21,18.59,3.59,1.54
2021-02-22,18.58,3.57,1.56
2021-02-23,18.57,3.55,1.53
2021-02-24,18.56,3.5,1.49
2021-02-25,18.56,3.46,1.46
2021-02-26,18.55,3.44,1.43
2021-02-27,18.55,3.42,1.43
2021-02-28,18.55,3.43,1.41
2021-03-01,18.55,3.4,1.39
2021-03-02,18.55,3.37,1.37
2021-03-03,18.55,3.35,1.35
2021-03-04,18.54,3.33,1.34
2021-03-05,18.54,3.37,1.37
2021-03-06,18.54,3.48,1.42
2021-03-07,18.54,3.4,1.42
2021-03-08,18.54,3.41,1.44
2021-03-09,18.54,3.34,1.35
2021-03-10,18.54,3.33,1.31
2021-03-11,18.45,3.32,1.27
2021-03-12,18.45,3.29,1.25
2021-03-13,18.45,3.28,1.25
2021-03-14,18.45,3.4,1.3
2021-03-15,18.45,3.36,1.29
2021-03-16,18.45,3.28,1.24
2021-03-17,18.45,3.27,1.25
2021-03-18,18.45,3.21,1.23
2021-03-19,18.44,3.21,1.2
2021-03-20,18.44,3.2,1.11
2021-03-21,18.44,3.21,1.06
2021-03-22,18.44,3.18,1.04
2021-03-23,18.44,3.18,0.95
2021-03-24,18.44,3.24,1.0
2021-03-25,18.5,4.04,1.4
2021-03-26,18.65,4.08,1.86
2021-03-27,19.14,4.32,1.98
2021-03-28,18.68,4.37,2.2
2021-03-29,18.6,3.99,1.87
2021-03-30,19.44,4.05,1.79
2021-03-31,19.95,4.63,2.35
2021-04-01,19.05,5.31,2.79
2021-04-02,18.9,4.71,2.45
2021-04-03,18.84,4.64,2.4
2021-04-04,18.79,4.27,2.1
2021-04-05,18.76,4.12,1.93
2021-04-06,18.75,4.13,1.97
2021-04-07,18.72,3.98,1.84
2021-04-08,18.8,4.06,1.76
2021-04-09,18.77,4.2,1.99
2021-04-10,18.65,3.94,1.77
2021-04-11,18.63,3.8,1.63
2021-04-12,18.63,3.79,1.6
2021-04-13,18.6,3.79,1.61
2021-04-14,18.6,3.9,1.6
2021-04-15,18.6,4.09,1.88
2021-04-16,18.59,3.99,1.83
2021-04-17,18.59,3.8,1.66
2021-04-18,18.59,3.7,1.55
2021-04-19,18.59,3.75,1.55
2021-04-20,18.58,3.66,1.51
2021-04-21,18.56,3.64,1.5
2021-04-22,19.07,3.75,1.62
2021-04-23,19.35,4.6,2.27
2021-04-24,18.86,4.96,2.65
2021-04-25,18.85,4.97,2.79
2021-04-26,18.82,5.24,2.96
2021-04-27,19.89,5.71,3.07
2021-04-28,19.56,6.93,3.94
2021-04-29,19.63,6.54,3.99
2021-04-30,19.08,5.85,3.74
2021-05-01,18.85,5.19,3.34
2021-05-02,18.82,4.8,3.01
2021-05-03,18.8,4.53,2.73
2021-05-04,18.79,4.32,2.4
2021-05-05,18.79,4.19,2.22
2021-05-06,18.79,4.12,2.11
2021-05-07,18.76,4.27,2.11
2021-05-08,18.76,4.17,2.09
2021-05-09,18.76,4.08,1.98
2021-05-10,18.76,3.95,1.85
2021-05-11,18.75,3.85,1.75
2021-05-12,18.75,3.99,1.76
2021-05-13,18.75,5.5,2.27
2021-05-14,18.74,5.19,2.63
2021-05-15,18.73,4.62,2.25
2021-05-16,19.42,4.33,1.95
2021-05-17,19.08,4.44,1.98
2021-05-18,19.26,4.55,2.04
2021-05-19,18.93,4.84,2.4
2021-05-20,20.39,4.7,2.22
2021-05-21,19.03,5.48,2.68
2021-05-22,19.95,5.58,2.64
2021-05-23,18.93,5.93,3.18
2021-05-24,18.9,5.25,2.93
2021-05-25,18.92,4.83,2.65
2021-05-26,18.9,4.61,2.41
2021-05-27,18.9,4.4,2.14
2021-05-28,18.9,4.56,2.2
2021-05-29,18.89,4.52,2.25
2021-05-30,18.86,4.78,2.22
2021-05-31,19.03,5.2,2.52
2021-06-01,18.97,4.96,2.44
2021-06-02,18.96,5.17,2.35
2021-06-03,18.9,5.35,2.62
2021-06-04,18.9,5.1,2.49
2021-06-05,18.94,5.05,2.35
2021-06-06,18.87,5.21,2.89
2021-06-07,18.85,5.13,3.0
2021-06-08,18.82,4.71,2.72
2021-06-09,18.8,4.44,2.44
2021-06-10,18.8,4.31,2.25
2021-06-11,18.78,4.22,2.02
2021-06-12,18.78,4.2,2.06
2021-06-13,18.78,4.06,1.94
2021-06-14,18.74,4.54,2.23
2021-06-15,18.74,4.86,2.59
2021-06-16,18.73,4.67,2.56
2021-06-17,18.73,4.38,2.25
2021-06-18,18.73,4.83,2.34
2021-06-19,18.7,5.01,2.59
2021-06-20,18.7,6.08,3.24
2021-06-21,18.68,6.41,3.8
2021-06-22,18.68,6.18,3.93
2021-06-23,18.68,5.48,3.59
2021-06-24,18.67,5.08,3.34
2021-06-25,18.67,4.76,3.06
2021-06-26,18.67,4.6,2.86
2021-06-27,18.66,4.58,2.77
2021-06-28,19.07,4.44,2.59
2021-06-29,20.24,5.67,2.98
2021-06-30,19.29,6.55,3.74
2021-07-01,20.31,5.91,3.48
2021-07-02,19.14,6.14,3.65
2021-07-03,18.92,5.14,3.16
2021-07-04,19.51,5.39,3.02
2021-07-05,18.96,5.35,3.14
2021-07-06,18.93,5.2,2.96
2021-07-07,18.92,5.08,2.94
2021-07-08,18.9,4.74,2.69
2021-07-09,18.9,4.5,2.44
2021-07-10,19.1,4.73,2.53
2021-07-11,18.95,5.26,2.92
2021-07-12,18.9,5.31,3.16
2021-07-13,18.9,4.82,2.86
2021-07-14,19.08,4.79,2.69
2021-07-15,18.9,4.92,2.85
2021-07-16,18.86,4.57,2.53
2021-07-17,18.86,4.42,2.36
2021-07-18,18.86,4.25,2.18
2021-07-19,18.85,4.1,2.03
2021-07-20,18.85,4.01,1.91
2021-07-21,18.8,3.94,1.83
2021-07-22,18.79,3.9,1.78
2021-07-23,18.78,3.97,1.83
2021-07-24,18.78,4.22,2.05
2021-07-25,18.76,4.11,2.02
2021-07-26,18.74,3.94,1.9
2021-07-27,18.74,3.87,1.85
2021-07-28,18.7,3.97,1.94
2021-07-29,18.7,3.84,1.84
2021-07-30,18.69,3.78,1.76
2021-07-31,18.69,3.78,1.72
2021-08-01,18.69,3.78,1.65
2021-08-02,18.68,3.8,1.71
2021-08-03,18.68,3.78,1.6
2021-08-04,18.67,3.84,1.78
2021-08-05,18.67,3.74,1.7
2021-08-06,18.65,3.65,1.65
2021-08-07,18.65,3.58,1.61
2021-08-08,18.65,3.52,1.55
2021-08-09,18.65,3.59,1.56
2021-08-10,18.65,3.87,1.81
2021-08-11,19.73,4.51,2.18
2021-08-12,18.9,4.96,2.69
2021-08-13,18.92,5.24,2.91
2021-08-14,19.44,5.75,3.12
2021-08-15,19.14,5.73,3.29
2021-08-16,19.37,5.51,3.19
2021-08-17,18.98,5.49,3.22
2021-08-18,18.91,5.05,2.95
2021-08-19,18.9,4.64,2.59
2021-08-20,18.89,4.41,2.35
2021-08-21,18.89,4.34,2.25
2021-08-22,18.87,4.49,2.29
2021-08-23,18.85,4.65,2.5
2021-08-24,18.8,4.58,2.53
2021-08-25,18.8,4.3,2.45
2021-08-26,18.78,4.33,2.41
2021-08-27,19.12,4.81,2.72
2021-08-28,18.94,5.01,3.04
2021-08-29,18.9,4.72,2.89
2021-08-30,18.86,4.76,2.91
2021-08-31,18.83,4.9,2.97
2021-09-01,18.83,4.81,2.96
2021-09-02,18.82,5.15,2.94
2021-09-03,18.8,5.62,3.41
2021-09-04,18.8,5.32,3.41
2021-09-05,18.77,4.89,3.17
2021-09-06,18.74,4.58,2.96
2021-09-07,18.72,4.39,2.78
2021-09-08,18.69,4.2,2.53
2021-09-09,18.68,4.05,2.28
2021-09-10,18.68,3.92,2.09
2021-09-11,18.68,3.84,1.96
2021-09-12,18.68,3.8,1.88
2021-09-13,18.68,3.99,2.08
2021-09-14,18.67,3.88,2.03
2021-09-15,18.67,3.78,1.93
2021-09-16,18.67,3.78,1.85
2021-09-17,18.67,3.6,1.85
2021-09-18,18.66,3.63,1.89
2021-09-19,18.66,3.78,1.94
2021-09-20,18.67,4.27,2.3
2021-09-21,18.65,4.24,2.36
2021-09-22,18.65,4.08,2.3
2021-09-23,18.55,3.95,2.21
2021-09-24,18.54,3.83,2.09
2021-09-25,18.54,3.78,1.94
2021-09-26,18.54,3.65,1.84
2021-09-27,19.28,3.71,1.82
2021-09-28,19.06,4.19,2.25
2021-09-29,21.18,4.07,2.11
2021-09-30,19.26,4.62,2.6
2021-10-01,19.07,4.33,2.29
2021-10-02,18.92,4.19,2.2
2021-10-03,18.9,4.21,2.08
2021-10-04,18.89,4.18,2.16
2021-10-05,18.89,4.27,2.31
2021-10-06,18.86,4.28,2.39
2021-10-07,18.86,4.04,2.19
2021-10-08,18.85,3.94,2.32
2021-10-09,18.84,3.81,2.15
2021-10-10,18.8,3.78,1.93
2021-10-11,18.8,3.63,1.85
2021-10-12,18.79,3.59,1.78
2021-10-13,18.78,3.54,1.75
2021-10-14,18.78,3.47,1.68
2021-10-15,18.77,3.45,1.64
2021-10-16,19.09,3.73,1.81
2021-10-17,18.97,4.34,2.4
2021-10-18,18.96,4.08,2.19
2021-10-19,18.94,4.07,2.22
2021-10-20,18.9,3.82,2.01
2021-10-21,18.92,3.81,1.95
2021-10-22,18.9,3.92,2.07
2021-10-23,18.85,3.79,2.02
2021-10-24,19.07,4.23,2.1
2021-10-25,18.94,4.62,2.64
2021-10-26,18.9,4.28,2.38
2021-10-27,18.9,4.11,2.25
2021-10-28,18.56,4.12,2.17
2021-10-29,20.82,4.12,2.21
2021-10-30,18.93,4.91,2.81
2021-10-31,18.86,4.43,2.51
2021-11-01,18.78,4.21,2.36
2021-11-02,18.68,4.0,2.2
2021-11-03,18.62,3.91,2.11
2021-11-04,18.6,4.02,2.15
2021-11-05,18.58,4.07,2.18
2021-11-06,18.58,3.91,2.05
2021-11-07,18.57,3.81,1.94
2021-11-08,18.57,3.78,1.63
2021-11-09,18.57,3.78,1.68
2021-11-10,18.6,3.75,1.76
2021-11-11,19.25,5.72,3.41
2021-11-12,18.98,5.57,3.94
2021-11-13,19.09,5.71,4.05
2021-11-14,18.89,6.22,4.4
2021-11-15,19.63,6.59,4.66
2021-11-16,19.07,7.71,5.24
2021-11-17,19.83,7.53,5.31
2021-11-18,21.08,7.89,5.52
2021-11-19,19.54,8.41,5.75
2021-11-20,20.06,8.13,5.82
2021-11-21,19.16,7.6,5.74
2021-11-22,18.98,6.84,5.52
2021-11-23,18.74,6.34,5.25
2021-11-24,18.85,5.99,4.98
2021-11-25,18.84,5.81,4.75
2021-11-26,18.79,5.43,4.41
2021-11-27,18.76,5.2,4.09
2021-11-28,18.76,4.99,3.8
2021-11-29,18.99,5.11,3.73
2021-11-30,18.78,5.11,3.79
2021-12-01,18.75,5.05,3.76
2021-12-02,21.99,5.36,3.85
2021-12-03,20.05,7.76,5.09
2021-12-04,19.61,8.37,5.72
2021-12-05,19.17,8.0,5.91
2021-12-06,18.97,7.32,5.81
2021-12-07,19.0,6.78,5.58
2021-12-08,18.99,6.35,5.29
2021-12-09,18.96,6.01,4.99
2021-12-10,18.93,5.68,4.68
2021-12-11,18.89,5.62,4.45
2021-12-12,18.85,5.25,4.09
2021-12-13,18.82,4.95,3.71
2021-12-14,18.8,4.79,3.47
2021-12-15,19.23,4.98,3.43
2021-12-16,18.98,5.53,3.77
2021-12-17,22.2,6.9,4.66
2021-12-18,23.5,8.56,5.69
2021-12-19,23.0,9.74,6.39
2021-12-20,20.28,9.95,6.7
2021-12-21,19.76,9.7,6.83
2021-12-22,19.55,9.22,6.79
2021-12-23,19.36,8.61,6.65
2021-12-24,19.34,8.09,6.48
2021-12-25,19.3,7.64,6.26
2021-12-26,19.08,7.18,6.0
2021-12-27,19.04,6.69,5.67
2021-12-28,19.01,6.22,5.13
2021-12-29,18.98,5.83,4.75
2021-12-30,19.39,5.68,4.44
2021-12-31,22.87,7.45,4.88
2022-01-01,20.82,8.28,5.32
2022-01-02,20.22,8.58,5.49
2022-01-03,19.76,8.37,5.52
2022-01-04,19.54,7.75,5.46
2022-01-05,19.85,7.5,5.35
2022-01-06,19.37,7.0,5.14
2022-01-07,19.22,6.35,4.77
2022-01-08,19.22,5.91,4.38
2022-01-09,19.11,5.7,4.04
2022-01-10,19.06,5.38,3.67
2022-01-11,19.03,5.11,3.39
2022-01-12,19.0,4.9,3.14
2022-01-13,18.97,4.73,2.91
2022-01-14,18.92,4.6,2.72
2022-01-15,18.88,4.49,2.56
2022-01-16,18.84,4.4,2.43
2022-01-17,18.82,4.32,2.34
2022-01-18,18.78,4.38,2.27
2022-01-19,18.76,4.27,2.17
2022-01-20,18.74,4.18,2.08
2022-01-21,18.7,4.11,2.02
2022-01-22,18.69,4.05,1.98
2022-01-23,18.68,3.99,1.94
2022-01-24,18.66,3.92,1.88
2022-01-25,18.65,3.87,1.83
2022-01-26,18.65,3.84,1.79
2022-01-27,18.62,3.79,1.5
2022-01-28,18.6,3.79,1.5
2022-01-29,18.6,3.72,1.51
2022-01-30,18.59,3.71,1.56
2022-01-31,18.57,3.7,1.56
2022-02-01,18.56,3.65,1.51
2022-02-02,18.55,3.6,1.47
2022-02-03,18.55,3.55,1.45
2022-02-04,18.54,3.56,1.45
2022-02-05,18.55,3.61,1.45
2022-02-06,18.7,3.65,1.65
2022-02-07,18.58,3.75,1.72
2022-02-08,18.95,4.2,1.89
2022-02-09,20.3,5.94,2.64
2022-02-10,19.0,6.74,4.02
2022-02-11,18.81,5.63,3.88
2022-02-12,18.72,5.19,3.7
2022-02-13,18.72,4.91,3.4
2022-02-14,18.67,4.67,3.07
2022-02-15,18.79,4.63,2.94
2022-02-16,19.1,4.72,2.87
2022-02-17,18.77,4.9,2.96
2022-02-18,18.71,4.67,2.73
2022-02-19,18.76,4.77,2.68
2022-02-20,18.71,5.35,3.07
2022-02-21,18.98,4.85,2.8
2022-02-22,18.68,4.62,2.63
2022-02-23,18.63,4.35,2.3
2022-02-24,19.14,4.84,2.44
2022-02-25,22.38,6.22,3.36
2022-02-26,24.52,10.1,6.02
2022-02-27,23.21,10.3,7.16
2022-02-28,23.39,10.47,7.39
2022-03-01,20.92,10.16,7.28
2022-03-02,20.24,9.92,6.88
2022-03-03,19.92,9.44,6.5
2022-03-04,19.76,8.71,6.06
2022-03-05,19.59,7.83,5.69
2022-03-06,19.49,7.13,5.41
2022-03-07,19.37,6.65,5.14
2022-03-08,19.27,6.24,4.92
2022-03-09,19.19,5.93,4.68
2022-03-10,19.15,5.71,4.42
2022-03-11,19.09,5.38,3.73
2022-03-12,19.06,5.11,3.37
2022-03-13,19.06,4.9,3.04
2022-03-14,19.06,4.87,2.73
2022-03-15,19.06,4.75,2.58
2022-03-16,19.06,4.59,2.1
2022-03-17,19.06,4.47,1.93
2022-03-18,19.06,4.39,1.91
2022-03-19,19.06,4.32,1.76
2022-03-20,19.06,4.51,1.9
2022-03-21,19.56,5.38,2.45
2022-03-22,19.18,5.83,2.9
2022-03-23,19.73,6.32,3.18
2022-03-24,19.16,6.91,3.73
2022-03-25,19.87,6.67,3.9
2022-03-26,19.02,6.33,3.82
2022-03-27,19.13,5.68,3.48
2022-03-28,19.12,5.42,3.09
2022-03-29,19.0,5.02,2.75
2022-03-30,18.98,4.73,2.4
2022-03-31,18.9,4.62,2.25
2022-04-01,19.06,4.51,2.2
2022-04-02,18.8,4.47,2.14
2022-04-03,19.02,4.92,2.33
2022-04-04,18.85,4.83,2.43
2022-04-05,22.19,5.3,2.48
2022-04-06,19.36,7.23,3.7
2022-04-07,19.08,6.31,3.57
2022-04-08,19.09,5.8,3.29
2022-04-09,18.95,5.54,3.12
2022-04-10,19.73,5.54,2.93
2022-04-11,19.07,5.37,3.04
2022-04-12,19.74,5.24,2.75
2022-04-13,19.07,5.47,2.98
2022-04-14,19.04,5.62,2.95
2022-04-15,19.27,6.15,3.35
2022-04-16,19.88,6.04,3.47
2022-04-17,19.08,6.17,3.49
2022-04-18,18.95,5.76,3.42
2022-04-19,18.85,5.22,3.08
2022-04-20,18.85,4.99,2.78
2022-04-21,18.84,5.23,2.81
2022-04-22,18.78,5.05,2.75
2022-04-23,18.75,4.76,2.57
2022-04-24,18.75,4.56,2.38
2022-04-25,18.94,4.48,2.11
2022-04-26,18.75,4.59,2.16
2022-04-27,18.76,4.5,2.01
2022-04-28,18.71,4.44,2.03
2022-04-29,18.7,4.24,1.85
2022-04-30,18.85,4.17,1.76
2022-05-01,18.77,4.36,1.89
2022-05-02,18.83,4.48,1.95
2022-05-03,19.6,4.55,2.15
2022-05-04,19.16,5.48,2.76
2022-05-05,18.95,5.37,2.93
2022-05-06,18.82,5.0,2.62
2022-05-07,18.8,4.88,2.5
2022-05-08,18.8,4.72,2.34
2022-05-09,18.75,4.51,2.16
2022-05-10,18.73,4.35,1.96
2022-05-11,18.73,4.58,1.98
2022-05-12,18.86,5.49,2.64
2022-05-13,18.75,5.72,3.27
2022-05-14,18.75,5.83,3.41
2022-05-15,18.74,5.48,3.34
2022-05-16,18.76,5.14,3.13
2022-05-17,18.9,5.34,3.16
2022-05-18,19.41,5.07,3.02
2022-05-19,19.08,5.38,3.07
2022-05-20,18.93,5.28,3.05
2022-05-21,18.8,4.87,2.74
2022-05-22,18.74,4.61,2.48
2022-05-23,18.73,4.52,2.29
2022-05-24,18.7,4.38,2.07
2022-05-25,18.72,4.23,1.89
2022-05-26,18.67,4.16,1.92
2022-05-27,18.65,4.07,1.86
2022-05-28,18.64,3.98,1.79
2022-05-29,18.62,3.9,1.71
2022-05-30,18.63,3.86,1.43
2022-05-31,18.61,3.84,1.38
2022-06-01,18.6,3.82,1.35
2022-06-02,18.6,3.71,1.32
2022-06-03,18.6,4.06,1.53
2022-06-04,18.89,4.38,2.01
2022-06-05,18.67,4.43,2.13
2022-06-06,18.6,4.09,1.84
2022-06-07,19.3,4.24,1.72
2022-06-08,19.51,5.24,2.67
2022-06-09,19.0,5.2,2.71
2022-06-10,18.72,4.58,2.3
2022-06-11,19.0,4.36,1.88
2022-06-12,19.08,4.65,2.15
2022-06-13,18.72,4.56,2.12
2022-06-14,18.71,4.25,1.81
2022-06-15,18.83,4.22,1.79
2022-06-16,19.17,5.16,2.51
2022-06-17,18.77,5.4,3.01
2022-06-18,18.73,5.04,2.67
2022-06-19,18.78,5.04,2.7
2022-06-20,19.08,4.66,2.39
2022-06-21,18.73,4.62,2.28
2022-06-22,18.7,4.62,2.21
2022-06-23,21.61,4.9,2.53
2022-06-24,19.08,6.56,3.45
2022-06-25,18.9,5.92,3.42
2022-06-26,19.04,6.19,3.47
2022-06-27,18.89,5.76,3.44
2022-06-28,19.08,5.18,3.07
2022-06-29,18.76,5.36,3.0
2022-06-30,19.02,5.35,2.95
2022-07-01,18.76,5.09,2.9
2022-07-02,18.7,4.71,2.62
2022-07-03,18.68,4.47,2.41
2022-07-04,18.66,4.41,2.14
2022-07-05,20.03,5.8,2.78
2022-07-06,18.86,6.68,3.97
2022-07-07,18.77,5.72,3.78
2022-07-08,18.76,5.24,3.53
2022-07-09,18.7,5.02,3.2
2022-07-10,18.68,4.79,2.96
2022-07-11,18.66,4.53,2.62
2022-07-12,18.64,4.35,2.36
2022-07-13,18.63,4.27,2.16
2022-07-14,18.61,4.17,1.99
2022-07-15,18.61,4.17,1.91
2022-07-16,18.6,4.11,1.84
2022-07-17,18.59,4.05,1.78
2022-07-18,18.6,3.99,1.69
2022-07-19,18.75,4.06,1.71
2022-07-20,18.6,4.54,2.15
2022-07-21,18.6,4.24,2.11
2022-07-22,18.59,4.04,2.01
2022-07-23,18.56,3.94,1.93
2022-07-24,18.56,3.88,1.86
2022-07-25,18.55,3.84,1.77
2022-07-26,18.54,3.84,1.35
2022-07-27,18.55,3.87,1.45
2022-07-28,19.1,4.21,1.75
2022-07-29,18.72,5.29,2.74
2022-07-30,18.65,4.91,2.59
2022-07-31,20.15,5.03,2.41
2022-08-01,18.82,5.59,3.09
2022-08-02,18.77,5.48,3.23
2022-08-03,18.7,5.14,3.26
2022-08-04,18.68,4.91,3.19
2022-08-05,18.64,4.68,3.05
2022-08-06,18.64,4.53,2.92
2022-08-07,18.61,4.46,2.75
2022-08-08,18.59,4.3,2.47
2022-08-09,18.59,4.38,2.4
2022-08-10,18.56,4.49,2.42
2022-08-11,18.55,4.22,2.14
2022-08-12,18.54,4.04,1.88
2022-08-13,18.63,4.06,1.91
2022-08-14,18.74,4.39,2.25
2022-08-15,18.55,4.21,2.05
2022-08-16,18.55,4.09,2.17
2022-08-17,18.52,4.17,2.15
2022-08-18,18.58,4.09,2.08
2022-08-19,18.59,4.55,2.41
2022-08-20,18.52,4.4,2.5
2022-08-21,18.7,4.43,2.72
2022-08-22,18.57,4.46,2.82
2022-08-23,18.56,4.33,2.72
2022-08-24,18.51,4.22,2.59
2022-08-25,18.6,4.18,2.41
2022-08-26,18.61,4.47,2.49
2022-08-27,18.8,4.61,2.54
2022-08-28,20.85,5.03,2.64
2022-08-29,18.97,5.75,3.27
2022-08-30,20.23,5.4,2.88
2022-08-31,20.56,5.81,3.32
2022-09-01,19.76,5.84,3.34
2022-09-02,19.74,5.97,3.35
2022-09-03,19.02,6.01,3.58
2022-09-04,18.87,5.29,3.35
2022-09-05,18.74,4.98,3.19
2022-09-06,18.7,4.7,2.9
2022-09-07,19.58,4.84,2.6
2022-09-08,18.93,5.54,3.17
2022-09-09,18.74,4.88,2.8
2022-09-10,18.95,4.68,2.51
2022-09-11,18.96,5.4,2.95
2022-09-12,18.71,4.91,2.7
2022-09-13,18.71,5.26,2.62
2022-09-14,18.64,5.37,2.93
2022-09-15,19.08,5.86,3.13
2022-09-16,18.79,6.04,3.45
2022-09-17,18.98,6.07,3.39
2022-09-18,18.71,5.84,3.45
2022-09-19,18.64,5.38,3.28
2022-09-20,18.61,5.52,3.27
2022-09-21,18.59,5.32,3.18
2022-09-22,18.59,5.45,3.08
2022-09-23,18.59,5.19,3.06
2022-09-24,18.66,4.87,2.99
2022-09-25,18.56,4.91,3.09
2022-09-26,18.58,4.92,3.16
2022-09-27,18.65,4.92,3.06
2022-09-28,18.66,4.93,3.01
2022-09-29,18.52,4.59,2.72
2022-09-30,19.08,4.5,2.55
2022-10-01,18.68,4.93,2.91
2022-10-02,18.59,4.82,3.05
2022-10-03,18.53,4.89,3.24
2022-10-04,18.65,5.86,3.82
2022-10-05,18.67,5.62,3.9
2022-10-06,19.23,5.59,3.78
2022-10-07,18.68,5.89,3.92
2022-10-08,18.66,5.35,3.59
2022-10-09,18.95,5.48,3.3
2022-10-10,19.4,5.95,3.52
2022-10-11,19.53,6.24,3.67
2022-10-12,20.79,6.38,3.76
2022-10-13,19.21,6.5,4.05
2022-10-14,19.36,5.95,3.86
2022-10-15,18.9,5.82,3.77
2022-10-16,18.98,5.2,3.34
2022-10-17,18.7,4.88,2.97
2022-10-18,18.65,4.69,2.73
2022-10-19,18.58,4.65,2.7
2022-10-20,19.03,4.97,2.76
2022-10-21,18.88,5.86,3.28
2022-10-22,20.56,6.31,3.78
2022-10-23,19.81,7.09,4.48
2022-10-24,19.05,6.8,4.61
2022-10-25,18.88,5.99,4.34
2022-10-26,18.77,5.44,3.88
2022-10-27,18.88,5.07,3.47
2022-10-28,18.63,4.88,3.18
2022-10-29,19.12,4.78,2.98
2022-10-30,19.08,5.13,3.21
2022-10-31,18.93,5.05,3.11
2022-11-01,19.03,5.28,3.32
2022-11-02,20.24,5.77,3.78
2022-11-03,19.17,6.81,4.66
2022-11-04,20.14,6.91,5.0
2022-11-05,19.52,7.47,5.34
2022-11-06,19.11,7.53,5.43
2022-11-07,20.3,7.63,5.45
2022-11-08,19.11,8.16,5.73
2022-11-09,19.01,7.72,5.75
2022-11-10,18.88,7.06,5.54
2022-11-11,22.13,8.01,5.74
2022-11-12,20.2,9.41,6.39
2022-11-13,19.26,9.55,6.81
2022-11-14,19.4,9.2,6.91
2022-11-15,19.51,8.82,6.88
2022-11-16,18.44,8.37,6.7
2022-11-17,20.19,7.99,6.46
2022-11-18,19.1,7.86,6.21
2022-11-19,20.27,7.41,5.91
2022-11-20,19.19,7.27,5.72
2022-11-21,19.07,6.67,5.36
2022-11-22,18.93,6.19,4.99
2022-11-23,18.84,5.82,4.6
2022-11-24,18.77,5.51,4.29
2022-11-25,18.72,5.26,3.93
2022-11-26,19.7,5.47,3.71
2022-11-27,18.79,6.03,4.07
2022-11-28,19.31,6.2,3.95
2022-11-29,19.49,6.32,4.18
2022-11-30,18.77,5.85,3.99
2022-12-01,18.68,5.24,3.54
2022-12-02,20.23,5.69,3.76
2022-12-03,19.3,7.25,4.71
2022-12-04,18.96,7.59,5.33
2022-12-05,19.15,7.11,5.38
2022-12-06,18.81,7.09,5.42
2022-12-07,18.9,6.5,5.12
2022-12-08,18.75,6.33,5.01
2022-12-09,21.5,7.07,5.18
2022-12-10,21.21,8.76,6.09
2022-12-11,19.65,9.3,6.54
2022-12-12,19.83,9.24,6.78
2022-12-13,19.4,9.1,6.84
2022-12-14,19.38,8.95,6.83
2022-12-15,19.43,8.7,6.76
2022-12-16,19.08,8.25,6.61
2022-12-17,19.1,7.88,6.36
2022-12-18,23.44,8.4,6.46
2022-12-19,23.49,10.26,7.43
2022-12-20,22.96,10.43,7.54
2022-12-21,20.91,10.15,6.85
2022-12-22,23.28,10.0,6.51
2022-12-23,20.45,9.93,6.21
2022-12-24,19.93,9.73,5.98
2022-12-25,19.68,9.19,5.66
2022-12-26,19.51,8.45,5.37
2022-12-27,19.39,7.44,5.07
2022-12-28,19.26,6.57,4.71
2022-12-29,19.16,6.11,4.4
2022-12-30,19.09,5.78,4.1
2022-12-31,19.06,5.51,3.8
2023-01-01,19.04,5.29,3.55
2023-01-02,19.02,5.11,3.36
2023-01-03,19.01,4.96,3.17
2023-01-04,19.41,5.08,3.13
2023-01-05,18.94,5.28,3.21
2023-01-06,18.83,5.01,2.79
2023-01-07,18.92,5.03,2.74
2023-01-08,19.33,6.27,3.46
2023-01-09,19.0,7.13,4.43
2023-01-10,18.9,6.65,4.59
2023-01-11,20.63,6.42,4.55
2023-01-12,19.32,6.74,4.66
2023-01-13,19.44,7.02,4.67
2023-01-14,18.95,7.21,4.74
2023-01-15,18.84,6.34,4.5
2023-01-16,18.77,5.74,4.1
2023-01-17,18.7,5.34,3.69
2023-01-18,18.74,5.07,3.31
2023-01-19,18.85,4.95,3.02
2023-01-20,18.97,4.81,2.84
2023-01-21,19.48,5.14,2.86
2023-01-22,20.24,6.69,3.7
2023-01-23,19.73,7.33,4.27
2023-01-24,19.54,7.1,4.46
2023-01-25,19.24,6.68,4.36
2023-01-26,19.46,6.82,4.34
2023-01-27,19.09,6.56,4.38
2023-01-28,19.09,6.29,4.25
2023-01-29,19.51,6.24,4.24
2023-01-30,19.14,6.39,4.37
2023-01-31,19.22,6.72,4.53
2023-02-01,19.05,6.49,4.56
2023-02-02,19.0,6.12,4.4
2023-02-03,19.47,6.44,4.48
2023-02-04,20.4,8.0,5.21
2023-02-05,19.22,8.58,5.64
2023-02-06,19.39,8.35,5.78
2023-02-07,19.88,8.11,5.61
2023-02-08,19.17,7.91,5.56
2023-02-09,19.12,7.17,5.29
2023-02-10,19.04,6.59,4.95
2023-02-11,19.09,6.12,4.56
2023-02-12,18.94,5.96,4.23
2023-02-13,18.85,5.49,3.76
2023-02-14,18.74,5.19,3.34
2023-02-15,18.69,4.98,2.98
2023-02-16,18.64,4.82,2.82
2023-02-17,19.99,4.83,2.62
2023-02-18,19.32,5.61,3.17
2023-02-19,18.79,5.46,3.09
2023-02-20,18.68,5.04,2.82
2023-02-21,18.62,4.79,2.53
2023-02-22,18.59,4.68,2.35
2023-02-23,18.52,4.57,2.2
2023-02-24,18.5,4.46,2.12
2023-02-25,18.48,4.36,2.04
2023-02-26,18.47,4.3,1.98
2023-02-27,18.46,4.25,1.94
2023-02-28,18.46,4.22,1.88
2023-03-01,18.74,4.41,1.88
2023-03-02,19.28,6.09,2.94
2023-03-03,18.98,5.91,3.26
2023-03-04,18.71,5.2,2.91
2023-03-05,18.59,4.8,2.56
2023-03-06,18.53,4.54,2.3
2023-03-07,18.5,4.39,2.11
2023-03-08,18.47,4.27,1.83
2023-03-09,18.46,4.18,1.74
2023-03-10,18.45,4.11,1.66
2023-03-11,18.57,4.43,1.74
2023-03-12,18.44,4.26,1.75
2023-03-13,18.43,4.09,1.59
2023-03-14,18.42,4.01,1.54
2023-03-15,18.41,3.94,1.5
2023-03-16,18.34,3.89,1.38
2023-03-17,18.33,3.85,1.37
2023-03-18,18.32,3.8,1.37
2023-03-19,18.32,3.78,1.35
2023-03-20,18.31,3.74,1.24
2023-03-21,18.31,3.72,1.22
2023-03-22,18.31,3.7,1.22
2023-03-23,18.31,3.65,1.34
2023-03-24,18.3,3.65,1.37
2023-03-25,18.3,3.61,1.35
2023-03-26,18.3,3.58,1.42
2023-03-27,18.29,3.56,1.42
2023-03-28,18.29,3.53,1.16
2023-03-29,18.29,3.54,1.42
2023-03-30,18.28,3.48,1.49
2023-03-31,18.28,3.46,1.51
2023-04-01,18.28,3.44,1.31
2023-04-02,18.27,3.41,1.21
2023-04-03,18.27,3.45,1.19
2023-04-04,18.27,3.5,1.15
2023-04-05,18.26,3.51,1.16
2023-04-06,18.26,3.7,1.19
2023-04-07,18.25,3.96,1.56
2023-04-08,18.25,3.67,1.52
2023-04-09,18.25,3.53,1.41
2023-04-10,18.24,3.48,1.4
2023-04-11,18.24,3.41,1.34
2023-04-12,18.23,3.39,1.31
2023-04-13,18.23,3.35,1.17
2023-04-14,18.22,3.31,1.25
2023-04-15,18.22,3.32,1.19
2023-04-16,18.21,3.29,1.29
2023-04-17,18.21,3.25,1.17
2023-04-18,18.2,3.28,1.28
2023-04-19,18.2,3.25,1.32
2023-04-20,18.19,3.33,1.08
2023-04-21,18.19,3.27,1.24
2023-04-22,18.19,3.22,1.29
2023-04-23,18.19,3.26,1.32
2023-04-24,18.18,3.24,1.18
2023-04-25,18.18,3.25,1.27
2023-04-26,18.17,3.2,1.27
2023-04-27,18.17,3.19,1.15
2023-04-28,18.16,3.18,1.08
2023-04-29,18.22,3.17,1.14
2023-04-30,18.22,3.17,1.16
2023-05-01,18.22,3.25,1.22
2023-05-02,18.22,3.29,1.29
2023-05-03,18.23,3.23,1.3
2023-05-04,18.25,3.39,1.35
2023-05-05,18.23,3.32,1.36
2023-05-06,18.2,3.26,1.31
2023-05-07,18.2,3.19,1.26
2023-05-08,18.23,3.39,1.29
2023-05-09,18.31,3.6,1.48
2023-05-10,18.5,3.88,1.64
2023-05-11,18.48,3.75,1.63
2023-05-12,18.49,3.88,1.68
2023-05-13,18.5,4.16,1.81
2023-05-14,18.49,4.11,1.89
2023-05-15,18.5,3.97,1.76
2023-05-16,18.61,3.94,1.78
2023-05-17,18.74,4.04,1.82
2023-05-18,18.8,4.11,1.94
2023-05-19,18.65,4.4,2.11
2023-05-20,19.02,4.39,2.13
2023-05-21,18.87,4.54,2.28
2023-05-22,19.0,4.54,2.3
2023-05-23,18.74,4.56,2.36
2023-05-24,18.77,4.46,2.33
2023-05-25,18.97,4.55,2.36
2023-05-26,18.68,4.55,2.38
2023-05-27,18.6,4.38,2.3
2023-05-28,18.62,4.25,2.21
2023-05-29,18.75,4.2,2.15
2023-05-30,18.66,4.44,2.25
2023-05-31,18.72,4.4,2.25
2023-06-01,18.69,4.37,2.19
2023-06-02,18.6,4.28,2.1
2023-06-03,18.69,4.35,2.16
2023-06-04,18.71,4.43,2.2
2023-06-05,18.57,4.44,2.22
2023-06-06,18.71,4.38,2.22
2023-06-07,18.68,4.64,2.37
2023-06-08,18.72,4.56,2.43
2023-06-09,18.64,4.59,2.43
2023-06-10,18.67,4.6,2.44
2023-06-11,18.62,4.63,2.44
2023-06-12,18.68,4.5,2.43
2023-06-13,18.63,4.5,2.4
2023-06-14,18.6,4.47,2.33
2023-06-15,18.68,4.4,2.3
2023-06-16,18.57,4.46,2.34
2023-06-17,18.62,4.4,2.3
2023-06-18,18.58,4.41,2.28
2023-06-19,18.77,4.46,2.3
2023-06-20,18.76,4.64,2.34
2023-06-21,18.63,4.84,2.51
2023-06-22,18.59,4.79,2.6
2023-06-23,19.0,4.7,2.57
2023-06-24,18.7,4.75,2.6
2023-06-25,18.59,4.7,2.6
2023-06-26,18.64,4.72,2.59
2023-06-27,18.61,4.66,2.56
2023-06-28,18.63,4.53,2.45
2023-06-29,18.71,4.61,2.42
2023-06-30,18.77,4.7,2.4
2023-07-01,18.87,4.66,2.41
2023-07-02,18.76,4.64,2.38
2023-07-03,18.79,4.54,2.34
2023-07-04,18.82,4.7,2.5
2023-07-05,18.93,4.87,2.6
2023-07-06,18.64,4.93,2.66
2023-07-07,18.57,4.66,2.6
2023-07-08,18.88,4.53,2.51
2023-07-09,18.65,4.61,2.54
2023-07-10,18.6,4.46,2.46
2023-07-11,18.56,4.43,2.4
2023-07-12,18.66,4.48,2.38
2023-07-13,18.68,4.64,2.5
2023-07-14,18.8,4.7,2.53
2023-07-15,18.66,4.74,2.58
2023-07-16,18.63,4.52,2.5
2023-07-17,18.81,4.42,2.4
2023-07-18,18.61,4.36,2.34
2023-07-19,18.69,4.21,2.18
2023-07-20,18.56,4.21,2.17
2023-07-21,18.6,4.04,2.01
2023-07-22,18.54,3.98,1.92
2023-07-23,18.56,3.87,1.8
2023-07-24,18.55,3.93,1.84
2023-07-25,18.59,4.02,1.9
2023-07-26,18.59,4.06,1.9
2023-07-27,18.64,3.96,1.89
2023-07-28,18.64,4.08,1.96
2023-07-29,18.63,4.23,2.08
2023-07-30,18.64,4.28,2.12
2023-07-31,18.78,4.47,2.23
2023-08-01,18.57,4.51,2.36
2023-08-02,18.55,4.45,2.33
2023-08-03,18.5,4.28,2.27
2023-08-04,18.68,4.14,2.18
2023-08-05,18.57,4.19,2.14
2023-08-06,18.62,4.07,2.08
2023-08-07,18.64,4.18,2.07
2023-08-08,18.67,4.18,2.11
2023-08-09,18.58,4.17,2.1
2023-08-10,18.78,4.18,2.09
2023-08-11,19.08,4.41,2.22
2023-08-12,18.83,4.57,2.38
2023-08-13,18.65,4.58,2.47
2023-08-14,18.92,4.66,2.54
2023-08-15,18.8,4.88,2.74
2023-08-16,18.77,4.69,2.7
2023-08-17,18.81,4.62,2.64
2023-08-18,18.75,4.58,2.61
2023-08-19,18.75,4.61,2.57
2023-08-20,18.75,4.56,2.55
2023-08-21,18.69,4.54,2.55
2023-08-22,19.01,4.65,2.67
2023-08-23,19.0,4.78,2.66
2023-08-24,18.98,4.84,2.81
2023-08-25,18.84,4.89,2.9
2023-08-26,18.79,4.81,2.87
2023-08-27,18.76,4.73,2.86
2023-08-28,18.98,4.76,2.79
2023-08-29,18.81,4.94,2.95
2023-08-30,18.82,4.98,2.98
2023-08-31,18.84,4.82,2.9
2023-09-01,18.81,4.83,2.85
2023-09-02,18.74,4.88,2.87
2023-09-03,18.67,4.87,2.89
2023-09-04,18.91,4.83,2.87
2023-09-05,18.69,4.8,2.86
2023-09-06,18.59,4.6,2.69
2023-09-07,18.76,4.57,2.57
2023-09-08,19.2,4.82,2.7
2023-09-09,19.18,5.02,2.87
2023-09-10,18.8,4.98,2.88
2023-09-11,18.89,4.92,2.9
2023-09-12,18.93,5.05,2.93
2023-09-13,18.89,5.09,2.97
2023-09-14,18.74,5.14,3.1
2023-09-15,18.89,5.08,3.06
2023-09-16,18.73,5.06,3.05
2023-09-17,18.84,4.93,2.96
2023-09-18,18.86,5.02,3.0
2023-09-19,18.67,5.04,3.05
2023-09-20,18.77,4.97,3.0
2023-09-21,18.66,4.97,3.0
2023-09-22,18.64,4.75,2.85
2023-09-23,18.59,4.61,2.76
2023-09-24,18.65,4.48,2.62
2023-09-25,18.62,4.47,2.64
2023-09-26,18.72,4.55,2.69
2023-09-27,19.1,4.63,2.64
2023-09-28,19.06,4.93,2.82
2023-09-29,19.4,4.99,2.86
2023-09-30,18.94,5.03,2.92
2023-10-01,19.12,4.78,2.79
2023-10-02,18.91,4.86,2.83
2023-10-03,18.97,4.93,2.89
2023-10-04,19.05,5.0,3.03
2023-10-05,18.78,5.22,3.18
2023-10-06,19.09,5.2,3.17
2023-10-07,19.11,5.45,3.35
2023-10-08,18.98,5.41,3.42
2023-10-09,18.84,5.32,3.38
2023-10-10,19.02,5.34,3.34
2023-10-11,19.24,5.58,3.47
2023-10-12,18.24,5.31,3.88
2023-10-13,19.03,5.41,3.45
2023-10-14,18.92,5.21,3.37
2023-10-15,18.8,5.7,3.41
2023-10-16,19.06,4.98,3.15
2023-10-17,18.85,5.05,3.17
2023-10-18,18.86,4.99,3.07
2023-10-19,18.86,4.9,3.01
2023-10-20,18.83,4.79,2.9
2023-10-21,18.92,4.8,2.84
2023-10-22,19.1,4.91,2.86
2023-10-23,18.97,5.05,2.91
2023-10-24,19.07,5.09,2.92
2023-10-25,18.98,5.26,3.12
2023-10-26,18.96,5.08,3.08
2023-10-27,18.78,4.75,2.86
2023-10-28,18.64,4.57,2.68
2023-10-29,19.03,4.47,2.58
2023-10-30,18.78,4.6,2.69
2023-10-31,19.03,4.64,2.68
2023-11-01,18.73,4.75,2.81
2023-11-02,18.88,4.65,2.78
2023-11-03,19.15,4.99,2.98
2023-11-04,19.15,5.35,3.22
2023-11-05,19.03,5.62,3.46
2023-11-06,19.17,5.89,3.61
2023-11-07,19.39,6.08,3.73
2023-11-08,19.42,6.29,3.88
2023-11-09,19.41,6.34,4.02
2023-11-10,19.02,6.17,4.05
2023-11-11,19.93,6.3,4.22
2023-11-12,19.69,6.47,4.36
2023-11-13,19.25,6.68,4.56
2023-11-14,19.32,6.37,4.45
2023-11-15,19.19,6.26,4.41
2023-11-16,18.91,6.14,4.27
2023-11-17,19.19,5.9,4.1
2023-11-18,19.33,5.96,4.05
2023-11-19,19.19,6.09,3.98
2023-11-20,19.2,6.14,4.02
2023-11-21,19.11,5.97,4.0
2023-11-22,18.97,5.83,4.0
2023-11-23,20.5,8.63,5.74
2023-11-24,19.4,8.69,5.88
2023-11-25,19.65,8.51,5.93
2023-11-26,19.28,8.39,6.14
2023-11-27,19.04,8.14,6.13
2023-11-28,18.9,7.68,5.98
2023-11-29,18.93,7.21,5.67
2023-11-30,19.94,7.59,5.67
2023-12-01,19.18,7.92,5.84
2023-12-02,22.12,8.9,6.27
2023-12-03,19.55,9.86,6.74
2023-12-04,19.18,9.52,6.83
2023-12-05,19.88,8.93,6.73
2023-12-06,19.1,8.48,6.53
2023-12-07,18.92,7.82,6.28
2023-12-08,18.93,7.37,6.0
2023-12-09,18.78,6.89,5.66
2023-12-10,18.7,6.42,5.3
2023-12-11,18.63,6.01,4.94
2023-12-12,19.1,5.77,4.64
2023-12-13,18.74,5.76,4.48
2023-12-14,23.12,6.85,4.72
2023-12-15,22.63,9.02,5.8
2023-12-16,21.98,9.93,6.55
2023-12-17,19.93,9.94,6.85
2023-12-18,19.71,9.63,6.93
2023-12-19,19.41,9.15,6.82
2023-12-20,19.38,8.66,6.6
2023-12-21,19.31,8.16,6.3
2023-12-22,19.37,7.76,5.99
2023-12-23,19.16,7.41,5.74
2023-12-24,23.17,7.81,5.7
2023-12-25,24.29,9.94,6.38
2023-12-26,23.01,10.44,7.56
2023-12-27,21.45,10.12,7.32
2023-12-28,20.43,9.89,6.79
2023-12-29,21.4,9.52,6.46
2023-12-30,22.01,9.17,6.13
2023-12-31,21.09,9.05,5.81
2024-01-01,20.14,8.91,5.63
2024-01-02,19.81,8.51,5.46
2024-01-03,19.59,7.82,5.26
2024-01-04,19.59,6.93,4.98
2024-01-05,19.32,6.37,4.55
2024-01-06,19.2,5.97,4.21
2024-01-07,20.55,6.57,4.13
2024-01-08,20.46,7.16,4.36
2024-01-09,19.42,7.05,4.41
2024-01-10,19.9,6.7,4.3
2024-01-11,19.28,6.35,4.22
2024-01-12,19.08,5.87,3.98
2024-01-13,18.96,5.72,3.81
2024-01-14,18.88,5.45,3.52
2024-01-15,18.81,5.21,3.18
2024-01-16,18.85,5.26,3.02
2024-01-17,18.91,5.37,2.96
2024-01-18,18.83,5.2,2.86
2024-01-19,18.75,5.01,2.82
2024-01-20,18.66,4.87,2.58
2024-01-21,18.6,4.74,2.48
2024-01-22,18.6,4.7,2.31
2024-01-23,18.9,5.91,2.96
2024-01-24,19.05,6.67,3.73
2024-01-25,21.24,7.61,4.84
2024-01-26,22.64,8.99,5.33
2024-01-27,22.01,9.72,5.58
2024-01-28,19.89,9.63,5.66
2024-01-29,19.52,9.09,5.57
2024-01-30,19.46,8.24,5.4
2024-01-31,19.32,7.58,5.18
2024-02-01,19.12,6.71,4.89
2024-02-02,18.99,6.12,4.57
2024-02-03,18.9,5.76,4.24
2024-02-04,18.8,5.45,3.9
2024-02-05,18.73,5.2,3.54
2024-02-06,18.67,5.0,3.12
2024-02-07,18.63,4.84,2.87
2024-02-08,18.58,4.72,2.67
2024-02-09,18.54,4.62,2.51
2024-02-10,18.48,4.52,2.37
2024-02-11,18.44,4.43,2.2
2024-02-12,18.42,4.36,2.12
2024-02-13,18.39,4.29,2.04
2024-02-14,18.48,4.26,1.98
2024-02-15,18.54,4.57,1.86
2024-02-16,18.39,4.47,1.89
2024-02-17,18.34,4.27,1.69
2024-02-18,18.33,4.18,1.59
2024-02-19,18.3,4.12,1.54
2024-02-20,18.29,4.07,1.7
2024-02-21,18.29,4.03,1.71
2024-02-22,18.26,4.0,1.46
2024-02-23,18.24,3.93,1.46
2024-02-24,18.23,3.89,1.5
2024-02-25,18.21,3.85,1.49
2024-02-26,18.2,3.83,1.49
2024-02-27,18.19,3.82,1.47
2024-02-28,18.2,3.74,1.34
2024-02-29,18.18,3.73,1.32
2024-03-01,18.17,3.7,1.28
2024-03-02,18.19,3.72,1.87
2024-03-03,18.27,3.87,1.77
2024-03-04,18.19,4.0,1.97
2024-03-05,18.16,3.84,1.47
2024-03-06,18.15,3.78,1.38
2024-03-07,18.14,3.67,1.39
2024-03-08,18.12,3.64,1.35
2024-03-09,18.12,3.6,1.37
2024-03-10,18.14,3.58,1.38
2024-03-11,18.11,3.57,1.38
2024-03-12,18.09,3.54,1.36
2024-03-13,18.09,3.51,1.34
2024-03-14,18.08,3.45,1.27
2024-03-15,18.09,3.43,1.26
2024-03-16,18.07,3.43,1.25
2024-03-17,18.06,3.45,1.28
2024-03-18,18.07,3.42,1.25
2024-03-19,18.04,3.4,1.25
2024-03-20,18.04,3.38,1.26
2024-03-21,18.03,3.36,1.25
2024-03-22,18.02,3.34,1.23
2024-03-23,18.02,3.32,1.21
2024-03-24,18.0,3.3,1.22
2024-03-25,18.02,3.29,1.15
2024-03-26,18.01,3.28,1.03
2024-03-27,18.01,3.27,1.03
2024-03-28,18.35,3.24,1.03
2024-03-29,18.35,3.21,1.02
2024-03-30,18.46,3.23,1.03
2024-03-31,18.52,3.29,1.07
2024-04-01,18.42,3.31,1.18
2024-04-02,18.43,3.34,1.17
2024-04-03,18.37,3.3,1.15
2024-04-04,18.35,3.26,1.12
2024-04-05,18.34,3.21,1.13
2024-04-06,18.34,3.19,1.12
2024-04-07,18.33,3.18,1.1
2024-04-08,18.33,3.17,1.1
2024-04-09,18.35,3.15,1.09
2024-04-10,18.32,3.14,1.09
2024-04-11,18.35,3.13,1.12
2024-04-12,18.33,3.12,1.13
2024-04-13,18.32,3.13,1.12
2024-04-14,18.32,3.13,1.11
2024-04-15,18.31,3.12,1.09
2024-04-16,18.3,3.11,0.97
2024-04-17,18.34,3.09,0.93
2024-04-18,18.3,3.09,1.01
2024-04-19,18.79,3.08,1.26
2024-04-20,18.46,3.46,1.69
2024-04-21,18.45,3.39,1.62
2024-04-22,18.35,3.39,1.16
2024-04-23,18.35,3.32,0.99
2024-04-24,18.33,3.23,0.98
2024-04-25,18.34,3.17,0.97
2024-04-26,18.39,3.23,1.0
2024-04-27,18.33,3.27,1.12
2024-04-28,18.31,3.19,1.12
2024-04-29,18.31,3.17,1.11
2024-04-30,18.33,3.15,1.11
2024-05-01,18.19,3.13,0.94
2024-05-02,18.18,3.08,1.02
2024-05-03,18.17,3.08,1.05
2024-05-04,18.18,3.07,1.05
2024-05-05,18.17,3.05,1.06
2024-05-06,18.16,3.04,1.05
2024-05-07,18.16,3.02,1.05
2024-05-08,18.15,2.96,0.9
2024-05-09,18.15,2.9,0.94
2024-05-10,18.13,3.03,0.97
2024-05-11,18.14,3.01,0.99
2024-05-12,18.14,2.98,1.0
2024-05-13,18.13,3.02,1.01
2024-05-14,18.13,2.9,1.02
2024-05-15,18.13,2.91,1.02
2024-05-16,18.13,2.9,1.01
2024-05-17,18.14,2.95,1.03
2024-05-18,18.33,3.08,0.93
2024-05-19,18.18,3.3,1.04
2024-05-20,19.43,3.69,1.12
2024-05-21,19.33,4.12,1.56
2024-05-22,18.47,4.11,1.5
2024-05-23,18.31,3.8,1.21
2024-05-24,18.26,3.72,1.29
2024-05-25,18.22,3.41,1.21
2024-05-26,18.2,3.35,1.15
2024-05-27,18.19,3.22,1.07
2024-05-28,18.18,3.2,1.04
2024-05-29,18.16,3.19,1.03
2024-05-30,18.22,3.14,1.17
2024-05-31,18.24,3.24,1.28
2024-06-01,18.85,3.39,1.36
2024-06-02,18.39,3.57,1.43
2024-06-03,18.4,3.58,1.43
2024-06-04,18.25,3.62,1.47
2024-06-05,18.21,3.42,1.21
2024-06-06,18.18,3.31,1.11
2024-06-07,18.17,3.25,1.12
2024-06-08,18.24,3.2,1.05
2024-06-09,18.19,3.22,1.02
2024-06-10,18.16,3.19,1.0
2024-06-11,18.15,3.2,0.97
2024-06-12,18.13,3.18,1.07
2024-06-13,18.12,3.11,1.04
2024-06-14,18.12,3.09,0.95
2024-06-15,18.11,3.07,0.95
2024-06-16,18.11,3.05,1.01
2024-06-17,18.19,3.05,1.03
2024-06-18,18.14,3.1,1.07
2024-06-19,18.12,3.1,1.04
2024-06-20,18.31,3.13,1.11
2024-06-21,18.16,3.27,0.93
2024-06-22,18.14,3.19,0.97
2024-06-23,18.13,3.13,0.85
2024-06-24,18.12,3.1,0.9
2024-06-25,18.12,3.09,0.85
2024-06-26,18.12,3.07,0.83
2024-06-27,18.25,3.06,0.89
2024-06-28,18.14,3.2,0.98
2024-06-29,18.12,3.11,0.99
2024-06-30,18.32,3.07,0.83
2024-07-01,18.45,3.27,0.93
2024-07-02,18.24,3.48,1.01
2024-07-03,18.18,3.34,0.97
2024-07-04,18.16,3.24,1.0
2024-07-05,18.22,3.25,0.89
2024-07-06,18.32,3.28,0.85
2024-07-07,18.19,3.29,0.87
2024-07-08,19.85,3.42,1.09
2024-07-09,18.52,4.26,1.52
2024-07-10,18.31,3.75,1.34
2024-07-11,18.25,3.5,1.16
2024-07-12,18.21,3.47,1.18
2024-07-13,18.2,3.42,1.08
2024-07-14,18.18,3.34,0.95
2024-07-15,18.24,3.28,0.89
2024-07-16,18.18,3.27,0.88
2024-07-17,18.16,3.23,0.89
2024-07-18,18.15,3.2,0.87
2024-07-19,18.19,3.17,0.83
2024-07-20,18.15,3.2,0.83
2024-07-21,18.14,3.15,0.8
2024-07-22,18.13,3.15,0.76
2024-07-23,18.13,3.12,0.73
2024-07-24,18.12,3.1,0.97
2024-07-25,18.11,3.08,1.04
2024-07-26,18.1,3.06,1.04
2024-07-27,18.1,3.05,1.02
2024-07-28,18.09,3.04,0.8
2024-07-29,18.33,3.12,0.85
2024-07-30,18.16,3.74,1.23
2024-07-31,18.36,3.87,1.37
2024-08-01,18.25,4.27,1.62
2024-08-02,18.21,4.68,1.65
2024-08-03,18.15,4.64,1.93
2024-08-04,18.79,4.29,1.88
2024-08-05,18.3,4.56,1.92
2024-08-06,19.11,4.39,1.85
2024-08-07,18.85,4.74,2.04
2024-08-08,19.08,5.41,2.57
2024-08-09,18.4,5.3,2.75
2024-08-10,19.4,5.09,2.5
2024-08-11,19.87,6.01,3.03
2024-08-12,18.95,5.64,3.04
2024-08-13,18.61,5.11,2.69
2024-08-14,19.29,4.96,2.97
2024-08-15,19.35,5.45,3.17
2024-08-16,19.2,5.58,3.35
2024-08-17,19.97,5.69,3.43
2024-08-18,18.84,5.56,3.52
2024-08-19,18.75,4.84,3.04
2024-08-20,18.59,4.53,2.8
2024-08-21,18.47,4.36,2.8
2024-08-22,18.39,4.2,2.8
2024-08-23,19.23,4.05,2.07
2024-08-24,18.71,4.32,2.44
2024-08-25,18.92,4.33,2.4
2024-08-26,18.51,4.34,2.43
2024-08-27,18.69,4.23,2.12
2024-08-28,18.43,4.43,2.17
2024-08-29,18.37,4.13,2.31
2024-08-30,18.44,3.96,2.17
2024-08-31,18.45,4.0,2.17
2024-09-01,18.34,4.13,2.28
2024-09-02,18.3,3.9,2.14
2024-09-03,18.28,3.77,2.01
2024-09-04,18.27,3.69,1.9
2024-09-05,18.25,3.63,1.82
2024-09-06,18.34,3.72,1.54
2024-09-07,18.26,3.8,1.68
2024-09-08,18.68,3.97,1.94
2024-09-09,18.63,4.85,2.81
2024-09-10,18.33,4.71,3.24
2024-09-11,18.29,4.37,3.05
2024-09-12,18.27,4.39,2.96
2024-09-13,18.24,4.3,2.87
2024-09-14,18.22,4.12,2.71
2024-09-15,18.34,3.94,2.02
2024-09-16,18.24,3.96,1.94
2024-09-17,18.23,3.81,1.71
2024-09-18,18.23,3.72,1.59
2024-09-19,18.21,3.67,1.5
2024-09-20,18.2,3.62,1.43
2024-09-21,18.19,3.57,1.35
2024-09-22,18.2,3.53,1.3
2024-09-23,18.18,3.49,1.28
2024-09-24,18.36,3.88,1.32
2024-09-25,18.3,4.55,2.13
2024-09-26,18.55,4.5,2.71
2024-09-27,18.29,4.44,2.22
2024-09-28,18.51,4.26,2.32
2024-09-29,18.47,4.25,2.31
2024-09-30,18.49,4.45,2.38
2024-10-01,19.8,4.16,2.11
2024-10-02,18.57,4.93,2.68
2024-10-03,18.86,4.89,2.65
2024-10-04,18.53,4.91,2.84
2024-10-05,18.42,4.53,2.62
2024-10-06,19.16,4.58,2.49
2024-10-07,18.79,5.06,2.82
2024-10-08,19.21,4.75,2.7
2024-10-09,18.92,5.92,3.38
2024-10-10,19.63,6.24,3.69
2024-10-11,19.37,6.6,3.91
2024-10-12,18.89,6.81,4.15
2024-10-13,18.75,6.31,3.94
2024-10-14,18.87,5.82,3.77
2024-10-15,18.75,5.48,3.54
2024-10-16,19.8,6.09,3.56
2024-10-17,18.95,6.6,3.96
2024-10-18,18.95,6.09,3.76
2024-10-19,18.88,5.95,3.6
2024-10-20,18.6,5.71,3.39
2024-10-21,18.45,5.31,3.1
2024-10-22,18.36,4.89,2.73
2024-10-23,18.29,4.62,2.44
2024-10-24,18.25,4.43,2.3
2024-10-25,18.38,4.35,2.22
2024-10-26,18.44,4.37,2.27
2024-10-27,18.24,4.26,2.18
2024-10-28,18.19,4.15,2.07
2024-10-29,18.23,4.11,2.1
2024-10-30,18.17,4.13,2.11
2024-10-31,18.33,4.07,2.14
2024-11-01,18.2,4.21,2.26
2024-11-02,18.14,4.09,2.07
2024-11-03,18.18,3.96,1.93
2024-11-04,19.08,4.28,1.96
2024-11-05,18.35,5.21,2.84
2024-11-06,18.62,5.76,2.99
2024-11-07,19.06,6.37,3.43
2024-11-08,18.97,6.33,3.71
2024-11-09,19.53,6.25,3.69
2024-11-10,19.05,5.92,3.65
2024-11-11,19.85,6.09,3.55
2024-11-12,19.69,6.47,3.76
2024-11-13,18.94,6.31,3.86
2024-11-14,18.7,5.52,3.47
2024-11-15,18.57,5.07,3.11
2024-11-16,18.5,4.85,2.83
2024-11-17,18.43,4.8,2.73
2024-11-18,18.44,4.71,2.67
2024-11-19,18.41,4.92,2.22
2024-11-20,19.41,5.92,2.63
2024-11-21,19.67,6.72,3.48
2024-11-22,19.41,7.52,4.42
2024-11-23,19.26,8.14,5.18
2024-11-24,19.27,8.26,5.53
2024-11-25,18.97,8.1,5.55
2024-11-26,19.23,7.76,5.61
2024-11-27,23.99,9.55,6.16
2024-11-28,24.9,10.65,7.46
2024-11-29,23.23,10.79,4.71
2024-11-30,24.64,10.62,4.88
2024-12-01,22.54,10.36,4.95
2024-12-02,21.04,10.16,7.59
2024-12-03,20.33,9.92,7.21
2024-12-04,20.44,9.44,6.86
2024-12-05,19.84,8.96,6.49
2024-12-06,19.61,8.36,6.14
2024-12-07,19.45,7.55,5.84
2024-12-08,19.36,6.89,5.58
2024-12-09,19.28,6.59,5.45
2024-12-10,22.27,7.04,5.6
2024-12-11,20.66,8.47,6.02
2024-12-12,19.57,8.78,5.71
2024-12-13,19.4,8.32,5.63
2024-12-14,19.7,7.93,5.46
2024-12-15,19.6,7.98,5.37
2024-12-16,19.31,7.65,5.27
2024-12-17,20.12,7.18,5.15
2024-12-18,19.6,7.32,5.07
2024-12-19,19.58,7.27,4.99
2024-12-20,19.24,7.01,4.92
2024-12-21,19.08,6.58,4.75
2024-12-22,18.99,6.21,4.54
2024-12-23,18.94,5.9,4.24
2024-12-24,18.85,5.54,3.88
2024-12-25,18.81,5.32,3.55
2024-12-26,18.76,5.26,3.37
2024-12-27,18.7,5.1,3.19
2024-12-28,18.67,4.96,3.03
2024-12-29,19.02,5.1,2.99
2024-12-30,22.72,8.65,4.7
2024-12-31,19.47,9.98,5.85
2025-01-01,19.14,9.6,5.95
2025-01-02,18.97,8.76,5.77
2025-01-03,18.86,7.6,5.41
2025-01-04,18.78,6.56,4.9
2025-01-05,19.02,6.07,4.47
2025-01-06,18.71,5.86,4.14
2025-01-07,18.69,5.6,3.82
2025-01-08,18.66,5.87,3.74
2025-01-09,18.6,5.41,3.37
2025-01-10,18.56,5.11,3.05
2025-01-11,19.56,5.45,3.06
2025-01-12,18.83,6.43,3.86
2025-01-13,19.28,6.56,4.3
2025-01-14,19.23,6.75,4.53
2025-01-15,19.02,6.51,4.55
2025-01-16,21.36,7.63,5.01
2025-01-17,20.5,8.75,5.51
2025-01-18,19.66,8.83,5.77
2025-01-19,19.34,8.4,5.78
2025-01-20,19.17,7.78,5.62
2025-01-21,19.0,7.09,5.38
2025-01-22,18.88,6.56,5.11
2025-01-23,18.79,6.15,4.8
2025-01-24,18.74,5.82,4.45
2025-01-25,19.27,6.03,4.27
2025-01-26,18.82,6.1,4.24
2025-01-27,18.99,6.46,4.34
2025-01-28,19.54,7.48,4.76
2025-01-29,19.06,7.56,5.03
2025-01-30,18.87,6.9,4.92
2025-01-31,18.76,6.3,4.61
2025-02-01,18.68,5.88,4.25
2025-02-02,18.62,5.57,3.89
2025-02-03,18.59,5.3,3.54
2025-02-04,18.55,5.07,3.25
2025-02-05,18.52,4.92,3.02
2025-02-06,18.49,4.79,2.87
2025-02-07,18.45,4.66,2.8
2025-02-08,18.42,4.56,2.44
2025-02-09,18.39,4.47,2.33
2025-02-10,18.37,4.39,2.24
2025-02-11,18.35,4.32,2.16
2025-02-12,18.33,4.25,2.1
2025-02-13,18.3,4.19,2.06
2025-02-14,18.29,4.14,1.92
2025-02-15,18.28,4.09,1.92
2025-02-16,18.26,4.03,1.75
2025-02-17,18.25,3.99,1.69
2025-02-18,18.23,3.95,1.64
2025-02-19,18.22,3.91,1.6
2025-02-20,18.21,3.9,1.59
2025-02-21,18.24,3.88,1.65
2025-02-22,18.21,3.92,1.69
2025-02-23,18.33,4.2,2.11
2025-02-24,18.5,4.78,2.61
2025-02-25,22.14,7.9,4.29
2025-02-26,21.78,10.02,5.52
2025-02-27,19.73,9.92,6.0
2025-02-28,19.21,9.44,6.07
2025-03-01,18.94,8.69,5.98
2025-03-02,18.79,7.69,5.74
2025-03-03,18.68,6.83,5.42
2025-03-04,18.6,6.26,5.1
2025-03-05,18.53,5.81,4.58
2025-03-06,18.47,5.42,4.13
2025-03-07,18.42,5.09,3.64
2025-03-08,18.39,4.84,3.24
2025-03-09,19.47,4.69,2.96
2025-03-10,18.84,5.26,3.09
2025-03-11,18.64,4.97,2.88
2025-03-12,20.01,6.68,3.46
2025-03-13,18.92,6.76,3.84
2025-03-14,19.04,6.1,3.67
2025-03-15,18.76,6.03,3.67
2025-03-16,18.62,5.53,3.44
2025-03-17,18.53,5.16,3.17
2025-03-18,18.46,4.92,2.93
2025-03-19,18.42,4.73,2.77
2025-03-20,18.38,4.61,2.77
2025-03-21,18.37,4.53,2.77
2025-03-22,18.35,4.46,2.77
2025-03-23,18.38,4.44,2.77
2025-03-24,18.68,4.57,3.12
2025-03-25,18.38,4.49,3.14
2025-03-26,18.31,4.3,2.96
2025-03-27,18.47,4.2,2.13
2025-03-28,18.75,4.37,2.21
2025-03-29,19.28,4.97,2.56
2025-03-30,18.71,5.37,3.08
2025-03-31,18.46,4.78,2.84
2025-04-01,18.37,4.49,2.82
2025-04-02,18.36,4.36,2.82
2025-04-03,18.59,4.95,2.82
2025-04-04,18.5,4.72,2.8
2025-04-05,18.68,5.03,2.93
2025-04-06,18.48,4.91,2.97
2025-04-07,18.39,4.64,2.82
2025-04-08,18.34,4.44,2.64
2025-04-09,18.38,4.46,2.61
2025-04-10,19.81,5.69,3.13
2025-04-11,21.45,6.16,3.61
2025-04-12,19.14,6.88,3.99
2025-04-13,18.79,5.97,3.82
2025-04-14,18.64,5.35,3.43
2025-04-15,18.58,5.0,3.09
2025-04-16,18.56,4.83,2.93
2025-04-17,18.65,5.5,3.05
2025-04-18,19.04,6.13,3.49
2025-04-19,18.69,5.74,3.51
2025-04-20,18.57,5.18,3.21
2025-04-21,18.47,4.83,2.92
2025-04-22,18.58,4.6,2.79
2025-04-23,18.4,4.49,2.48
2025-04-24,19.44,5.11,2.79
2025-04-25,18.57,5.58,3.34
2025-04-26,19.18,5.25,3.07
2025-04-27,19.12,5.72,3.37
2025-04-28,18.59,5.98,3.59
2025-04-29,18.45,5.18,3.19
2025-04-30,18.38,4.8,2.87
2025-05-01,18.34,4.55,2.58
2025-05-02,18.44,4.4,2.74
2025-05-03,18.81,4.57,2.45
2025-05-04,18.63,5.6,3.01
2025-05-05,19.34,6.15,3.43
2025-05-06,18.93,6.17,3.84
2025-05-07,18.92,5.69,3.81
2025-05-08,19.3,5.62,3.74
2025-05-09,19.17,5.48,3.61
2025-05-10,18.58,5.19,3.34
2025-05-11,18.53,4.88,2.97
2025-05-12,18.42,4.76,2.82
2025-05-13,18.49,5.12,2.82
2025-05-14,18.36,5.13,2.98
2025-05-15,18.52,4.83,2.82
2025-05-16,18.33,4.73,2.6
2025-05-17,19.65,4.75,2.37
2025-05-18,18.57,5.1,2.88
2025-05-19,18.46,4.73,2.54
2025-05-20,18.38,4.49,2.34
2025-05-21,18.39,4.81,2.39
2025-05-22,18.45,4.84,2.57
2025-05-23,18.49,4.81,2.61
2025-05-24,18.45,5.0,2.8
2025-05-25,18.75,5.38,3.05
2025-05-26,18.62,5.49,3.23
2025-05-27,18.45,5.31,3.19
2025-05-28,18.74,5.24,3.1
2025-05-29,18.93,5.71,3.33
2025-05-30,19.13,6.4,3.86
2025-05-31,18.6,6.15,3.93
2025-06-01,18.66,5.49,3.34
2025-06-02,18.44,5.1,2.99
2025-06-03,18.38,4.81,2.67
2025-06-04,18.6,4.97,2.57
2025-06-05,18.38,5.25,2.77
2025-06-06,18.55,5.05,2.59
2025-06-07,18.36,4.92,2.51
2025-06-08,18.3,4.64,2.26
2025-06-09,18.36,4.76,2.2
2025-06-10,18.46,4.94,2.34
2025-06-11,18.44,5.04,2.49
2025-06-12,18.29,4.85,2.46
2025-06-13,18.25,4.53,2.18
2025-06-14,18.22,4.35,2.04
2025-06-15,18.36,4.36,1.99
2025-06-16,18.21,4.49,2.14
2025-06-17,18.23,4.31,1.92
2025-06-18,18.23,4.45,1.92
2025-06-19,19.13,5.11,2.33
2025-06-20,18.88,5.63,2.77
2025-06-21,18.37,6.04,3.24
2025-06-22,18.28,5.39,3.03
2025-06-23,18.23,5.03,2.8
2025-06-24,18.2,4.7,2.52
2025-06-25,18.23,4.5,2.28
2025-06-26,18.17,4.46,2.16
2025-06-27,18.16,4.53,2.13
2025-06-28,18.17,4.65,2.17
2025-06-29,18.15,4.52,2.15
2025-06-30,18.12,4.33,2.0
2025-07-01,18.11,4.16,1.96
2025-07-02,18.11,4.03,1.98
2025-07-03,18.41,4.37,2.11
2025-07-04,18.13,4.55,2.3
2025-07-05,18.1,4.21,2.1
2025-07-06,18.1,4.05,2.0
2025-07-07,18.19,3.97,1.95
2025-07-08,18.35,4.43,2.15
2025-07-09,18.15,4.38,2.24
2025-07-10,18.11,4.1,2.07
2025-07-11,18.11,4.44,2.2
2025-07-12,18.08,4.29,2.2
2025-07-13,18.21,4.14,2.11
2025-07-14,18.1,4.14,2.12
2025-07-15,18.29,4.51,2.29
2025-07-16,18.66,5.04,2.78
2025-07-17,19.6,5.59,3.12
2025-07-18,18.4,5.65,3.44
2025-07-19,18.26,4.97,3.06
2025-07-20,18.2,4.6,2.77
2025-07-21,18.16,4.34,2.52
2025-07-22,18.13,4.17,2.33
2025-07-23,18.12,4.04,2.19
2025-07-24,18.1,3.95,2.08
2025-07-25,18.12,3.92,2.03
2025-07-26,18.08,3.89,1.98
2025-07-27,18.09,3.8,1.9
2025-07-28,18.07,3.81,1.89
2025-07-29,18.05,3.73,1.83
2025-07-30,18.16,3.74,1.81
2025-07-31,18.09,4.14,2.04
2025-08-01,18.07,3.99,1.98
2025-08-02,18.05,4.25,2.17
2025-08-03,18.04,4.11,2.1
2025-08-04,18.84,4.09,2.01
2025-08-05,18.63,4.95,2.47
2025-08-06,18.2,4.71,2.43
2025-08-07,18.6,5.4,2.62
2025-08-08,18.31,5.07,2.72
2025-08-09,18.34,4.62,2.46
2025-08-10,18.33,4.57,2.42
2025-08-11,18.64,4.63,2.57
2025-08-12,18.22,4.86,2.75
2025-08-13,18.18,4.44,2.56
2025-08-14,18.19,4.43,2.49
2025-08-15,18.23,4.54,2.53
2025-08-16,18.12,4.43,2.5
2025-08-17,18.1,4.21,2.36
2025-08-18,18.11,4.3,2.34
2025-08-19,18.58,4.21,2.31
2025-08-20,18.13,4.4,2.38
2025-08-21,18.1,4.08,2.19
2025-08-22,18.61,4.12,2.15
2025-08-23,18.19,4.29,2.26
2025-08-24,18.31,4.32,2.3
2025-08-25,18.18,4.53,2.44
2025-08-26,18.11,4.22,2.29
2025-08-27,18.09,4.02,2.15
2025-08-28,18.4,4.47,2.28
2025-08-29,18.23,5.21,2.86
2025-08-30,18.12,5.17,3.08
2025-08-31,18.09,4.7,2.84
2025-09-01,18.12,4.45,2.66
2025-09-02,18.08,4.6,2.72
2025-09-03,18.3,5.11,3.04
2025-09-04,18.65,5.21,3.23
2025-09-05,18.17,4.9,3.1
2025-09-06,18.11,4.58,2.88
2025-09-07,18.43,4.57,2.73
2025-09-08,18.51,5.0,2.87
2025-09-09,18.33,5.25,2.95
2025-09-10,18.17,5.09,2.95
2025-09-11,18.17,4.76,2.8
2025-09-12,18.35,4.46,2.55
2025-09-13,18.54,4.55,2.61
2025-09-14,18.32,5.71,3.53
2025-09-15,18.97,5.69,3.65
2025-09-16,18.44,5.6,3.58
2025-09-17,19.63,5.63,3.5
2025-09-18,18.55,6.34,3.88
2025-09-19,18.37,5.55,3.57
2025-09-20,18.3,5.09,3.23
2025-09-21,18.22,4.81,2.96
2025-09-22,18.18,4.55,2.68
2025-09-23,18.15,4.34,2.42
2025-09-24,18.13,4.19,2.25
2025-09-25,18.1,4.07,2.14
2025-09-26,18.09,3.97,2.05
2025-09-27,18.09,4.0,2.03
2025-09-28,18.1,4.16,2.12
2025-09-29,18.07,4.23,2.33
2025-09-30,18.06,4.04,2.24
